file,line,type,commit,author,date,time,timezone,datetime,depth,length
style.css,1,css,a90e4cfb,na-raghavan,2025-04-19,18:25:29,-07:00,2025-04-19T18:25:29-07:00,0,5
style.css,2,css,a90e4cfb,na-raghavan,2025-04-19,18:25:29,-07:00,2025-04-19T18:25:29-07:00,0,24
style.css,3,css,a90e4cfb,na-raghavan,2025-04-19,18:25:29,-07:00,2025-04-19T18:25:29-07:00,0,33
style.css,4,css,a90e4cfb,na-raghavan,2025-04-19,18:25:29,-07:00,2025-04-19T18:25:29-07:00,0,0
style.css,5,css,a90e4cfb,na-raghavan,2025-04-19,18:25:29,-07:00,2025-04-19T18:25:29-07:00,0,0
style.css,6,css,619a4a9c,na-raghavan,2025-04-11,20:18:39,-07:00,2025-04-11T20:18:39-07:00,0,6
style.css,7,css,d643240e,na-raghavan,2025-04-19,18:11:24,-07:00,2025-04-19T18:11:24-07:00,0,36
style.css,8,css,d643240e,na-raghavan,2025-04-19,18:11:24,-07:00,2025-04-19T18:11:24-07:00,0,35
style.css,9,css,9ef82abb,na-raghavan,2025-04-19,17:53:35,-07:00,2025-04-19T17:53:35-07:00,0,0
style.css,10,css,9ef82abb,na-raghavan,2025-04-19,17:53:35,-07:00,2025-04-19T17:53:35-07:00,0,0
style.css,11,css,9ef82abb,na-raghavan,2025-04-19,17:53:35,-07:00,2025-04-19T17:53:35-07:00,0,0
style.css,12,css,d643240e,na-raghavan,2025-04-19,18:11:24,-07:00,2025-04-19T18:11:24-07:00,0,5
style.css,13,css,d643240e,na-raghavan,2025-04-19,18:11:24,-07:00,2025-04-19T18:11:24-07:00,0,24
style.css,14,css,d643240e,na-raghavan,2025-04-19,18:11:24,-07:00,2025-04-19T18:11:24-07:00,0,16
style.css,15,css,d643240e,na-raghavan,2025-04-19,18:11:24,-07:00,2025-04-19T18:11:24-07:00,0,14
style.css,16,css,d643240e,na-raghavan,2025-04-19,18:11:24,-07:00,2025-04-19T18:11:24-07:00,0,13
style.css,17,css,619a4a9c,na-raghavan,2025-04-11,20:18:39,-07:00,2025-04-11T20:18:39-07:00,0,0
style.css,18,css,619a4a9c,na-raghavan,2025-04-11,20:18:39,-07:00,2025-04-11T20:18:39-07:00,0,0
style.css,19,css,619a4a9c,na-raghavan,2025-04-11,20:18:39,-07:00,2025-04-11T20:18:39-07:00,0,5
style.css,20,css,d643240e,na-raghavan,2025-04-19,18:11:24,-07:00,2025-04-19T18:11:24-07:00,0,33
style.css,21,css,619a4a9c,na-raghavan,2025-04-11,20:18:39,-07:00,2025-04-11T20:18:39-07:00,0,0
style.css,22,css,619a4a9c,na-raghavan,2025-04-11,20:18:39,-07:00,2025-04-11T20:18:39-07:00,0,0
style.css,23,css,95ce127b,na-raghavan,2025-04-11,20:03:58,-07:00,2025-04-11T20:03:58-07:00,0,4
style.css,24,css,a90e4cfb,na-raghavan,2025-04-19,18:25:29,-07:00,2025-04-19T18:25:29-07:00,0,40
style.css,25,css,d643240e,na-raghavan,2025-04-19,18:11:24,-07:00,2025-04-19T18:11:24-07:00,0,13
style.css,26,css,d643240e,na-raghavan,2025-04-19,18:11:24,-07:00,2025-04-19T18:11:24-07:00,0,19
style.css,27,css,d643240e,na-raghavan,2025-04-19,18:11:24,-07:00,2025-04-19T18:11:24-07:00,0,14
style.css,28,css,cfa4e1f2,na-raghavan,2025-04-25,20:20:04,-07:00,2025-04-25T20:20:04-07:00,0,44
style.css,29,css,95ce127b,na-raghavan,2025-04-11,20:03:58,-07:00,2025-04-11T20:03:58-07:00,0,0
style.css,30,css,95ce127b,na-raghavan,2025-04-11,20:03:58,-07:00,2025-04-11T20:03:58-07:00,0,6
style.css,31,css,d643240e,na-raghavan,2025-04-19,18:11:24,-07:00,2025-04-19T18:11:24-07:00,0,7
style.css,32,css,d643240e,na-raghavan,2025-04-19,18:11:24,-07:00,2025-04-19T18:11:24-07:00,0,14
style.css,33,css,d643240e,na-raghavan,2025-04-19,18:11:24,-07:00,2025-04-19T18:11:24-07:00,0,18
style.css,34,css,d643240e,na-raghavan,2025-04-19,18:11:24,-07:00,2025-04-19T18:11:24-07:00,0,21
style.css,35,css,d643240e,na-raghavan,2025-04-19,18:11:24,-07:00,2025-04-19T18:11:24-07:00,0,14
style.css,36,css,d643240e,na-raghavan,2025-04-19,18:11:24,-07:00,2025-04-19T18:11:24-07:00,0,61
style.css,37,css,d643240e,na-raghavan,2025-04-19,18:11:24,-07:00,2025-04-19T18:11:24-07:00,0,38
style.css,38,css,95ce127b,na-raghavan,2025-04-11,20:03:58,-07:00,2025-04-11T20:03:58-07:00,0,0
style.css,39,css,95ce127b,na-raghavan,2025-04-11,20:03:58,-07:00,2025-04-11T20:03:58-07:00,0,14
style.css,40,css,cfa4e1f2,na-raghavan,2025-04-25,20:20:04,-07:00,2025-04-25T20:20:04-07:00,0,46
style.css,41,css,d643240e,na-raghavan,2025-04-19,18:11:24,-07:00,2025-04-19T18:11:24-07:00,0,35
style.css,42,css,619a4a9c,na-raghavan,2025-04-11,20:18:39,-07:00,2025-04-11T20:18:39-07:00,0,0
style.css,43,css,619a4a9c,na-raghavan,2025-04-11,20:18:39,-07:00,2025-04-11T20:18:39-07:00,0,12
style.css,44,css,d643240e,na-raghavan,2025-04-19,18:11:24,-07:00,2025-04-19T18:11:24-07:00,0,46
style.css,45,css,d643240e,na-raghavan,2025-04-19,18:11:24,-07:00,2025-04-19T18:11:24-07:00,0,35
style.css,46,css,95ce127b,na-raghavan,2025-04-11,20:03:58,-07:00,2025-04-11T20:03:58-07:00,0,0
style.css,47,css,856b20f4,na-raghavan,2025-04-11,20:31:08,-07:00,2025-04-11T20:31:08-07:00,0,0
style.css,48,css,856b20f4,na-raghavan,2025-04-11,20:31:08,-07:00,2025-04-11T20:31:08-07:00,0,5
style.css,49,css,d643240e,na-raghavan,2025-04-19,18:11:24,-07:00,2025-04-19T18:11:24-07:00,0,13
style.css,50,css,d643240e,na-raghavan,2025-04-19,18:11:24,-07:00,2025-04-19T18:11:24-07:00,0,31
style.css,51,css,d643240e,na-raghavan,2025-04-19,18:11:24,-07:00,2025-04-19T18:11:24-07:00,0,8
style.css,52,css,d643240e,na-raghavan,2025-04-19,18:11:24,-07:00,2025-04-19T18:11:24-07:00,0,13
style.css,53,css,856b20f4,na-raghavan,2025-04-11,20:31:08,-07:00,2025-04-11T20:31:08-07:00,0,0
style.css,54,css,d643240e,na-raghavan,2025-04-19,18:11:24,-07:00,2025-04-19T18:11:24-07:00,0,32
style.css,55,css,856b20f4,na-raghavan,2025-04-11,20:31:08,-07:00,2025-04-11T20:31:08-07:00,0,10
style.css,56,css,856b20f4,na-raghavan,2025-04-11,20:31:08,-07:00,2025-04-11T20:31:08-07:00,0,14
style.css,57,css,d643240e,na-raghavan,2025-04-19,18:11:24,-07:00,2025-04-19T18:11:24-07:00,0,14
style.css,58,css,d643240e,na-raghavan,2025-04-19,18:11:24,-07:00,2025-04-19T18:11:24-07:00,0,22
style.css,59,css,d643240e,na-raghavan,2025-04-19,18:11:24,-07:00,2025-04-19T18:11:24-07:00,0,21
style.css,60,css,856b20f4,na-raghavan,2025-04-11,20:31:08,-07:00,2025-04-11T20:31:08-07:00,0,0
style.css,61,css,856b20f4,na-raghavan,2025-04-11,20:31:08,-07:00,2025-04-11T20:31:08-07:00,0,12
style.css,62,css,d643240e,na-raghavan,2025-04-19,18:11:24,-07:00,2025-04-19T18:11:24-07:00,0,15
style.css,63,css,d643240e,na-raghavan,2025-04-19,18:11:24,-07:00,2025-04-19T18:11:24-07:00,0,12
style.css,64,css,d643240e,na-raghavan,2025-04-19,18:11:24,-07:00,2025-04-19T18:11:24-07:00,0,31
style.css,65,css,d643240e,na-raghavan,2025-04-19,18:11:24,-07:00,2025-04-19T18:11:24-07:00,0,12
style.css,66,css,d643240e,na-raghavan,2025-04-19,18:11:24,-07:00,2025-04-19T18:11:24-07:00,0,21
style.css,67,css,d643240e,na-raghavan,2025-04-19,18:11:24,-07:00,2025-04-19T18:11:24-07:00,0,15
style.css,68,css,d643240e,na-raghavan,2025-04-19,18:11:24,-07:00,2025-04-19T18:11:24-07:00,0,17
style.css,69,css,d643240e,na-raghavan,2025-04-19,18:11:24,-07:00,2025-04-19T18:11:24-07:00,0,19
style.css,70,css,856b20f4,na-raghavan,2025-04-11,20:31:08,-07:00,2025-04-11T20:31:08-07:00,0,0
style.css,71,css,856b20f4,na-raghavan,2025-04-11,20:31:08,-07:00,2025-04-11T20:31:08-07:00,0,0
style.css,72,css,0813c216,na-raghavan,2025-04-11,20:35:26,-07:00,2025-04-11T20:35:26-07:00,0,10
style.css,73,css,d643240e,na-raghavan,2025-04-19,18:11:24,-07:00,2025-04-19T18:11:24-07:00,0,13
style.css,74,css,d643240e,na-raghavan,2025-04-19,18:11:24,-07:00,2025-04-19T18:11:24-07:00,0,58
style.css,75,css,d643240e,na-raghavan,2025-04-19,18:11:24,-07:00,2025-04-19T18:11:24-07:00,0,10
style.css,76,css,d643240e,na-raghavan,2025-04-19,18:11:24,-07:00,2025-04-19T18:11:24-07:00,0,17
style.css,77,css,856b20f4,na-raghavan,2025-04-11,20:31:08,-07:00,2025-04-11T20:31:08-07:00,0,0
style.css,78,css,0813c216,na-raghavan,2025-04-11,20:35:26,-07:00,2025-04-11T20:35:26-07:00,0,18
style.css,79,css,d643240e,na-raghavan,2025-04-19,18:11:24,-07:00,2025-04-19T18:11:24-07:00,0,13
style.css,80,css,d643240e,na-raghavan,2025-04-19,18:11:24,-07:00,2025-04-19T18:11:24-07:00,0,27
style.css,81,css,d643240e,na-raghavan,2025-04-19,18:11:24,-07:00,2025-04-19T18:11:24-07:00,0,16
style.css,82,css,856b20f4,na-raghavan,2025-04-11,20:31:08,-07:00,2025-04-11T20:31:08-07:00,0,0
style.css,83,css,d643240e,na-raghavan,2025-04-19,18:11:24,-07:00,2025-04-19T18:11:24-07:00,0,34
style.css,84,css,0813c216,na-raghavan,2025-04-11,20:35:26,-07:00,2025-04-11T20:35:26-07:00,0,22
style.css,85,css,d643240e,na-raghavan,2025-04-19,18:11:24,-07:00,2025-04-19T18:11:24-07:00,0,11
style.css,86,css,d643240e,na-raghavan,2025-04-19,18:11:24,-07:00,2025-04-19T18:11:24-07:00,0,12
style.css,87,css,d643240e,na-raghavan,2025-04-19,18:11:24,-07:00,2025-04-19T18:11:24-07:00,0,14
style.css,88,css,0813c216,na-raghavan,2025-04-11,20:35:26,-07:00,2025-04-11T20:35:26-07:00,0,0
style.css,89,css,0813c216,na-raghavan,2025-04-11,20:35:26,-07:00,2025-04-11T20:35:26-07:00,0,0
style.css,90,css,d643240e,na-raghavan,2025-04-19,18:11:24,-07:00,2025-04-19T18:11:24-07:00,0,21
style.css,91,css,0813c216,na-raghavan,2025-04-11,20:35:26,-07:00,2025-04-11T20:35:26-07:00,0,23
style.css,92,css,d643240e,na-raghavan,2025-04-19,18:11:24,-07:00,2025-04-19T18:11:24-07:00,0,16
style.css,93,css,d643240e,na-raghavan,2025-04-19,18:11:24,-07:00,2025-04-19T18:11:24-07:00,0,18
style.css,94,css,0813c216,na-raghavan,2025-04-11,20:35:26,-07:00,2025-04-11T20:35:26-07:00,0,0
style.css,95,css,f8553ebf,na-raghavan,2025-04-11,20:44:36,-07:00,2025-04-11T20:44:36-07:00,0,0
style.css,96,css,f8553ebf,na-raghavan,2025-04-11,20:44:36,-07:00,2025-04-11T20:44:36-07:00,0,8
style.css,97,css,d643240e,na-raghavan,2025-04-19,18:11:24,-07:00,2025-04-19T18:11:24-07:00,0,14
style.css,98,css,d643240e,na-raghavan,2025-04-19,18:11:24,-07:00,2025-04-19T18:11:24-07:00,0,15
style.css,99,css,d643240e,na-raghavan,2025-04-19,18:11:24,-07:00,2025-04-19T18:11:24-07:00,0,37
style.css,100,css,d643240e,na-raghavan,2025-04-19,18:11:24,-07:00,2025-04-19T18:11:24-07:00,0,18
style.css,101,css,d643240e,na-raghavan,2025-04-19,18:11:24,-07:00,2025-04-19T18:11:24-07:00,0,41
style.css,102,css,f8553ebf,na-raghavan,2025-04-11,20:44:36,-07:00,2025-04-11T20:44:36-07:00,0,0
style.css,103,css,f8553ebf,na-raghavan,2025-04-11,20:44:36,-07:00,2025-04-11T20:44:36-07:00,0,3
style.css,104,css,d643240e,na-raghavan,2025-04-19,18:11:24,-07:00,2025-04-19T18:11:24-07:00,0,42
style.css,105,css,d643240e,na-raghavan,2025-04-19,18:11:24,-07:00,2025-04-19T18:11:24-07:00,0,22
style.css,106,css,d643240e,na-raghavan,2025-04-19,18:11:24,-07:00,2025-04-19T18:11:24-07:00,0,21
style.css,107,css,d643240e,na-raghavan,2025-04-19,18:11:24,-07:00,2025-04-19T18:11:24-07:00,0,17
style.css,108,css,f8553ebf,na-raghavan,2025-04-11,20:44:36,-07:00,2025-04-11T20:44:36-07:00,0,0
style.css,109,css,f8553ebf,na-raghavan,2025-04-11,20:44:36,-07:00,2025-04-11T20:44:36-07:00,0,8
style.css,110,css,d643240e,na-raghavan,2025-04-19,18:11:24,-07:00,2025-04-19T18:11:24-07:00,0,19
style.css,111,css,d643240e,na-raghavan,2025-04-19,18:11:24,-07:00,2025-04-19T18:11:24-07:00,0,22
style.css,112,css,d643240e,na-raghavan,2025-04-19,18:11:24,-07:00,2025-04-19T18:11:24-07:00,0,42
style.css,113,css,f8553ebf,na-raghavan,2025-04-11,20:44:36,-07:00,2025-04-11T20:44:36-07:00,0,0
style.css,114,css,f8553ebf,na-raghavan,2025-04-11,20:44:36,-07:00,2025-04-11T20:44:36-07:00,0,19
style.css,115,css,d643240e,na-raghavan,2025-04-19,18:11:24,-07:00,2025-04-19T18:11:24-07:00,0,19
style.css,116,css,d643240e,na-raghavan,2025-04-19,18:11:24,-07:00,2025-04-19T18:11:24-07:00,0,16
style.css,117,css,d643240e,na-raghavan,2025-04-19,18:11:24,-07:00,2025-04-19T18:11:24-07:00,0,17
style.css,118,css,f8553ebf,na-raghavan,2025-04-11,20:44:36,-07:00,2025-04-11T20:44:36-07:00,0,0
style.css,119,css,f8553ebf,na-raghavan,2025-04-11,20:44:36,-07:00,2025-04-11T20:44:36-07:00,0,3
style.css,120,css,d643240e,na-raghavan,2025-04-19,18:11:24,-07:00,2025-04-19T18:11:24-07:00,0,17
style.css,121,css,d643240e,na-raghavan,2025-04-19,18:11:24,-07:00,2025-04-19T18:11:24-07:00,0,21
style.css,122,css,f8553ebf,na-raghavan,2025-04-11,20:44:36,-07:00,2025-04-11T20:44:36-07:00,0,0
style.css,123,css,f8553ebf,na-raghavan,2025-04-11,20:44:36,-07:00,2025-04-11T20:44:36-07:00,0,24
style.css,124,css,d643240e,na-raghavan,2025-04-19,18:11:24,-07:00,2025-04-19T18:11:24-07:00,0,13
style.css,125,css,d643240e,na-raghavan,2025-04-19,18:11:24,-07:00,2025-04-19T18:11:24-07:00,0,30
style.css,126,css,d643240e,na-raghavan,2025-04-19,18:11:24,-07:00,2025-04-19T18:11:24-07:00,0,22
style.css,127,css,d643240e,na-raghavan,2025-04-19,18:11:24,-07:00,2025-04-19T18:11:24-07:00,0,24
style.css,128,css,f8553ebf,na-raghavan,2025-04-11,20:44:36,-07:00,2025-04-11T20:44:36-07:00,0,0
style.css,129,css,f8553ebf,na-raghavan,2025-04-11,20:44:36,-07:00,2025-04-11T20:44:36-07:00,0,0
style.css,130,css,f8553ebf,na-raghavan,2025-04-11,20:44:36,-07:00,2025-04-11T20:44:36-07:00,0,5
style.css,131,css,d643240e,na-raghavan,2025-04-19,18:11:24,-07:00,2025-04-19T18:11:24-07:00,0,18
style.css,132,css,d643240e,na-raghavan,2025-04-19,18:11:24,-07:00,2025-04-19T18:11:24-07:00,0,19
style.css,133,css,d643240e,na-raghavan,2025-04-19,18:11:24,-07:00,2025-04-19T18:11:24-07:00,0,17
style.css,134,css,f8553ebf,na-raghavan,2025-04-11,20:44:36,-07:00,2025-04-11T20:44:36-07:00,0,0
style.css,135,css,f8553ebf,na-raghavan,2025-04-11,20:44:36,-07:00,2025-04-11T20:44:36-07:00,0,0
style.css,136,css,f8553ebf,na-raghavan,2025-04-11,20:44:36,-07:00,2025-04-11T20:44:36-07:00,0,3
style.css,137,css,d643240e,na-raghavan,2025-04-19,18:11:24,-07:00,2025-04-19T18:11:24-07:00,0,21
style.css,138,css,d643240e,na-raghavan,2025-04-19,18:11:24,-07:00,2025-04-19T18:11:24-07:00,0,16
style.css,139,css,f8553ebf,na-raghavan,2025-04-11,20:44:36,-07:00,2025-04-11T20:44:36-07:00,0,0
style.css,140,css,f8553ebf,na-raghavan,2025-04-11,20:44:36,-07:00,2025-04-11T20:44:36-07:00,0,3
style.css,141,css,d643240e,na-raghavan,2025-04-19,18:11:24,-07:00,2025-04-19T18:11:24-07:00,0,21
style.css,142,css,f8553ebf,na-raghavan,2025-04-11,20:44:36,-07:00,2025-04-11T20:44:36-07:00,0,0
style.css,143,css,f8553ebf,na-raghavan,2025-04-11,20:44:36,-07:00,2025-04-11T20:44:36-07:00,0,0
style.css,144,css,f8553ebf,na-raghavan,2025-04-11,20:44:36,-07:00,2025-04-11T20:44:36-07:00,0,38
style.css,145,css,d643240e,na-raghavan,2025-04-19,18:11:24,-07:00,2025-04-19T18:11:24-07:00,0,10
style.css,146,css,d643240e,na-raghavan,2025-04-19,18:11:24,-07:00,2025-04-19T18:11:24-07:00,0,9
style.css,147,css,f8553ebf,na-raghavan,2025-04-11,20:44:36,-07:00,2025-04-11T20:44:36-07:00,0,0
style.css,148,css,f8553ebf,na-raghavan,2025-04-11,20:44:36,-07:00,2025-04-11T20:44:36-07:00,0,38
style.css,149,css,d643240e,na-raghavan,2025-04-19,18:11:24,-07:00,2025-04-19T18:11:24-07:00,0,19
style.css,150,css,f8553ebf,na-raghavan,2025-04-11,20:44:36,-07:00,2025-04-11T20:44:36-07:00,0,0
style.css,151,css,f8553ebf,na-raghavan,2025-04-11,20:44:36,-07:00,2025-04-11T20:44:36-07:00,0,0
style.css,152,css,f8553ebf,na-raghavan,2025-04-11,20:44:36,-07:00,2025-04-11T20:44:36-07:00,0,10
style.css,153,css,d643240e,na-raghavan,2025-04-19,18:11:24,-07:00,2025-04-19T18:11:24-07:00,0,18
style.css,154,css,d643240e,na-raghavan,2025-04-19,18:11:24,-07:00,2025-04-19T18:11:24-07:00,0,14
style.css,155,css,f8553ebf,na-raghavan,2025-04-11,20:44:36,-07:00,2025-04-11T20:44:36-07:00,0,0
style.css,156,css,f8553ebf,na-raghavan,2025-04-11,20:44:36,-07:00,2025-04-11T20:44:36-07:00,0,9
style.css,157,css,d643240e,na-raghavan,2025-04-19,18:11:24,-07:00,2025-04-19T18:11:24-07:00,0,18
style.css,158,css,d643240e,na-raghavan,2025-04-19,18:11:24,-07:00,2025-04-19T18:11:24-07:00,0,19
style.css,159,css,d643240e,na-raghavan,2025-04-19,18:11:24,-07:00,2025-04-19T18:11:24-07:00,0,13
style.css,160,css,d643240e,na-raghavan,2025-04-19,18:11:24,-07:00,2025-04-19T18:11:24-07:00,0,23
style.css,161,css,d643240e,na-raghavan,2025-04-19,18:11:24,-07:00,2025-04-19T18:11:24-07:00,0,11
style.css,162,css,f8553ebf,na-raghavan,2025-04-11,20:44:36,-07:00,2025-04-11T20:44:36-07:00,0,0
style.css,163,css,f8553ebf,na-raghavan,2025-04-11,20:44:36,-07:00,2025-04-11T20:44:36-07:00,0,0
style.css,164,css,f8553ebf,na-raghavan,2025-04-11,20:44:36,-07:00,2025-04-11T20:44:36-07:00,0,26
style.css,165,css,d643240e,na-raghavan,2025-04-19,18:11:24,-07:00,2025-04-19T18:11:24-07:00,0,38
style.css,166,css,d643240e,na-raghavan,2025-04-19,18:11:24,-07:00,2025-04-19T18:11:24-07:00,0,10
style.css,167,css,d643240e,na-raghavan,2025-04-19,18:11:24,-07:00,2025-04-19T18:11:24-07:00,0,0
style.css,168,css,d643240e,na-raghavan,2025-04-19,18:11:24,-07:00,2025-04-19T18:11:24-07:00,0,24
style.css,169,css,d643240e,na-raghavan,2025-04-19,18:11:24,-07:00,2025-04-19T18:11:24-07:00,0,22
style.css,170,css,d643240e,na-raghavan,2025-04-19,18:11:24,-07:00,2025-04-19T18:11:24-07:00,0,12
style.css,171,css,d643240e,na-raghavan,2025-04-19,18:11:24,-07:00,2025-04-19T18:11:24-07:00,0,0
style.css,172,css,d643240e,na-raghavan,2025-04-19,18:11:24,-07:00,2025-04-19T18:11:24-07:00,0,23
style.css,173,css,f8553ebf,na-raghavan,2025-04-11,20:44:36,-07:00,2025-04-11T20:44:36-07:00,0,0
style.css,174,css,f8553ebf,na-raghavan,2025-04-11,20:44:36,-07:00,2025-04-11T20:44:36-07:00,0,0
style.css,175,css,f8553ebf,na-raghavan,2025-04-11,20:44:36,-07:00,2025-04-11T20:44:36-07:00,0,7
style.css,176,css,d643240e,na-raghavan,2025-04-19,18:11:24,-07:00,2025-04-19T18:11:24-07:00,0,26
style.css,177,css,d643240e,na-raghavan,2025-04-19,18:11:24,-07:00,2025-04-19T18:11:24-07:00,0,16
style.css,178,css,f8553ebf,na-raghavan,2025-04-11,20:44:36,-07:00,2025-04-11T20:44:36-07:00,0,0
style.css,179,css,f8553ebf,na-raghavan,2025-04-11,20:44:36,-07:00,2025-04-11T20:44:36-07:00,0,2
style.css,180,css,d643240e,na-raghavan,2025-04-19,18:11:24,-07:00,2025-04-19T18:11:24-07:00,0,26
style.css,181,css,d643240e,na-raghavan,2025-04-19,18:11:24,-07:00,2025-04-19T18:11:24-07:00,0,21
style.css,182,css,d643240e,na-raghavan,2025-04-19,18:11:24,-07:00,2025-04-19T18:11:24-07:00,0,29
style.css,183,css,f8553ebf,na-raghavan,2025-04-11,20:44:36,-07:00,2025-04-11T20:44:36-07:00,0,0
style.css,184,css,f8553ebf,na-raghavan,2025-04-11,20:44:36,-07:00,2025-04-11T20:44:36-07:00,0,8
style.css,185,css,d643240e,na-raghavan,2025-04-19,18:11:24,-07:00,2025-04-19T18:11:24-07:00,0,12
style.css,186,css,d643240e,na-raghavan,2025-04-19,18:11:24,-07:00,2025-04-19T18:11:24-07:00,0,26
style.css,187,css,75bd49f6,na-raghavan,2025-04-11,20:47:29,-07:00,2025-04-11T20:47:29-07:00,0,0
style.css,188,css,75bd49f6,na-raghavan,2025-04-11,20:47:29,-07:00,2025-04-11T20:47:29-07:00,0,16
style.css,189,css,d643240e,na-raghavan,2025-04-19,18:11:24,-07:00,2025-04-19T18:11:24-07:00,0,14
style.css,190,css,d643240e,na-raghavan,2025-04-19,18:11:24,-07:00,2025-04-19T18:11:24-07:00,0,14
style.css,191,css,d643240e,na-raghavan,2025-04-19,18:11:24,-07:00,2025-04-19T18:11:24-07:00,0,15
style.css,192,css,63399936,na-raghavan,2025-04-19,17:15:52,-07:00,2025-04-19T17:15:52-07:00,0,0
style.css,193,css,63399936,na-raghavan,2025-04-19,17:15:52,-07:00,2025-04-19T17:15:52-07:00,0,14
style.css,194,css,d643240e,na-raghavan,2025-04-19,18:11:24,-07:00,2025-04-19T18:11:24-07:00,0,18
style.css,195,css,d643240e,na-raghavan,2025-04-19,18:11:24,-07:00,2025-04-19T18:11:24-07:00,0,9
style.css,196,css,d643240e,na-raghavan,2025-04-19,18:11:24,-07:00,2025-04-19T18:11:24-07:00,0,11
style.css,197,css,d643240e,na-raghavan,2025-04-19,18:11:24,-07:00,2025-04-19T18:11:24-07:00,0,14
style.css,198,css,d643240e,na-raghavan,2025-04-19,18:11:24,-07:00,2025-04-19T18:11:24-07:00,0,20
style.css,199,css,63399936,na-raghavan,2025-04-19,17:15:52,-07:00,2025-04-19T17:15:52-07:00,0,0
style.css,200,css,d643240e,na-raghavan,2025-04-19,18:11:24,-07:00,2025-04-19T18:11:24-07:00,0,38
style.css,201,css,cfa4e1f2,na-raghavan,2025-04-25,20:20:04,-07:00,2025-04-25T20:20:04-07:00,0,0
style.css,202,css,cfa4e1f2,na-raghavan,2025-04-25,20:20:04,-07:00,2025-04-25T20:20:04-07:00,0,18
style.css,203,css,cfa4e1f2,na-raghavan,2025-04-25,20:20:04,-07:00,2025-04-25T20:20:04-07:00,0,13
style.css,204,css,cfa4e1f2,na-raghavan,2025-04-25,20:20:04,-07:00,2025-04-25T20:20:04-07:00,0,37
style.css,205,css,cfa4e1f2,na-raghavan,2025-04-25,20:20:04,-07:00,2025-04-25T20:20:04-07:00,0,48
style.css,206,css,cfa4e1f2,na-raghavan,2025-04-25,20:20:04,-07:00,2025-04-25T20:20:04-07:00,0,51
style.css,207,css,cfa4e1f2,na-raghavan,2025-04-25,20:20:04,-07:00,2025-04-25T20:20:04-07:00,0,52
style.css,208,css,cfa4e1f2,na-raghavan,2025-04-25,20:20:04,-07:00,2025-04-25T20:20:04-07:00,0,0
style.css,209,css,cfa4e1f2,na-raghavan,2025-04-25,20:20:04,-07:00,2025-04-25T20:20:04-07:00,0,0
style.css,210,css,cfa4e1f2,na-raghavan,2025-04-25,20:20:04,-07:00,2025-04-25T20:20:04-07:00,0,18
style.css,211,css,cfa4e1f2,na-raghavan,2025-04-25,20:20:04,-07:00,2025-04-25T20:20:04-07:00,0,56
style.css,212,css,cfa4e1f2,na-raghavan,2025-04-25,20:20:04,-07:00,2025-04-25T20:20:04-07:00,0,50
style.css,213,css,cfa4e1f2,na-raghavan,2025-04-25,20:20:04,-07:00,2025-04-25T20:20:04-07:00,0,25
style.css,214,css,cfa4e1f2,na-raghavan,2025-04-25,20:20:04,-07:00,2025-04-25T20:20:04-07:00,0,17
style.css,215,css,cfa4e1f2,na-raghavan,2025-04-25,20:20:04,-07:00,2025-04-25T20:20:04-07:00,0,0
style.css,216,css,cfa4e1f2,na-raghavan,2025-04-25,20:20:04,-07:00,2025-04-25T20:20:04-07:00,0,0
style.css,217,css,cfa4e1f2,na-raghavan,2025-04-25,20:20:04,-07:00,2025-04-25T20:20:04-07:00,0,18
style.css,218,css,cfa4e1f2,na-raghavan,2025-04-25,20:20:04,-07:00,2025-04-25T20:20:04-07:00,0,56
style.css,219,css,cfa4e1f2,na-raghavan,2025-04-25,20:20:04,-07:00,2025-04-25T20:20:04-07:00,0,60
style.css,220,css,cfa4e1f2,na-raghavan,2025-04-25,20:20:04,-07:00,2025-04-25T20:20:04-07:00,0,17
style.css,221,css,cfa4e1f2,na-raghavan,2025-04-25,20:20:04,-07:00,2025-04-25T20:20:04-07:00,0,63
style.css,222,css,cfa4e1f2,na-raghavan,2025-04-25,20:20:04,-07:00,2025-04-25T20:20:04-07:00,0,0
style.css,223,css,dc346c05,na-raghavan,2025-05-02,12:41:21,-07:00,2025-05-02T12:41:21-07:00,0,0
style.css,224,css,dc346c05,na-raghavan,2025-05-02,12:41:21,-07:00,2025-05-02T12:41:21-07:00,0,19
style.css,225,css,dc346c05,na-raghavan,2025-05-02,12:41:21,-07:00,2025-05-02T12:41:21-07:00,0,15
style.css,226,css,dc346c05,na-raghavan,2025-05-02,12:41:21,-07:00,2025-05-02T12:41:21-07:00,0,17
style.css,227,css,dc346c05,na-raghavan,2025-05-02,12:41:21,-07:00,2025-05-02T12:41:21-07:00,0,17
style.css,228,css,abc6e1fd,na-raghavan,2025-05-02,12:43:00,-07:00,2025-05-02T12:43:00-07:00,0,0
style.css,229,css,abc6e1fd,na-raghavan,2025-05-02,12:43:00,-07:00,2025-05-02T12:43:00-07:00,0,0
style.css,230,css,abc6e1fd,na-raghavan,2025-05-02,12:43:00,-07:00,2025-05-02T12:43:00-07:00,0,17
style.css,231,css,abc6e1fd,na-raghavan,2025-05-02,12:43:00,-07:00,2025-05-02T12:43:00-07:00,0,13
style.css,232,css,abc6e1fd,na-raghavan,2025-05-02,12:43:00,-07:00,2025-05-02T12:43:00-07:00,0,23
style.css,233,css,abc6e1fd,na-raghavan,2025-05-02,12:43:00,-07:00,2025-05-02T12:43:00-07:00,0,8
style.css,234,css,abc6e1fd,na-raghavan,2025-05-02,12:43:00,-07:00,2025-05-02T12:43:00-07:00,0,0
style.css,235,css,abc6e1fd,na-raghavan,2025-05-02,12:43:00,-07:00,2025-05-02T12:43:00-07:00,0,0
style.css,236,css,0b418018,na-raghavan,2025-05-02,13:11:55,-07:00,2025-05-02T13:11:55-07:00,0,54
style.css,237,css,0b418018,na-raghavan,2025-05-02,13:11:55,-07:00,2025-05-02T13:11:55-07:00,0,12
style.css,238,css,0b418018,na-raghavan,2025-05-02,13:11:55,-07:00,2025-05-02T13:11:55-07:00,0,0
style.css,239,css,0b418018,na-raghavan,2025-05-02,13:11:55,-07:00,2025-05-02T13:11:55-07:00,0,0
style.css,240,css,0b418018,na-raghavan,2025-05-02,13:11:55,-07:00,2025-05-02T13:11:55-07:00,0,24
style.css,241,css,0b418018,na-raghavan,2025-05-02,13:11:55,-07:00,2025-05-02T13:11:55-07:00,0,17
style.css,242,css,0b418018,na-raghavan,2025-05-02,13:11:55,-07:00,2025-05-02T13:11:55-07:00,0,15
style.css,243,css,0b418018,na-raghavan,2025-05-02,13:11:55,-07:00,2025-05-02T13:11:55-07:00,0,0
style.css,244,css,0b418018,na-raghavan,2025-05-02,13:11:55,-07:00,2025-05-02T13:11:55-07:00,0,0
style.css,245,css,0b418018,na-raghavan,2025-05-02,13:11:55,-07:00,2025-05-02T13:11:55-07:00,0,10
style.css,246,css,0b418018,na-raghavan,2025-05-02,13:11:55,-07:00,2025-05-02T13:11:55-07:00,0,36
style.css,247,css,0b418018,na-raghavan,2025-05-02,13:11:55,-07:00,2025-05-02T13:11:55-07:00,0,0
style.css,248,css,0b418018,na-raghavan,2025-05-02,13:11:55,-07:00,2025-05-02T13:11:55-07:00,0,33
style.css,249,css,0b418018,na-raghavan,2025-05-02,13:11:55,-07:00,2025-05-02T13:11:55-07:00,0,29
style.css,250,css,0b418018,na-raghavan,2025-05-02,13:11:55,-07:00,2025-05-02T13:11:55-07:00,0,0
style.css,251,css,0b418018,na-raghavan,2025-05-02,13:11:55,-07:00,2025-05-02T13:11:55-07:00,0,0
style.css,252,css,abc6e1fd,na-raghavan,2025-05-02,12:43:00,-07:00,2025-05-02T12:43:00-07:00,0,8
style.css,253,css,abc6e1fd,na-raghavan,2025-05-02,12:43:00,-07:00,2025-05-02T12:43:00-07:00,0,16
style.css,254,css,abc6e1fd,na-raghavan,2025-05-02,12:43:00,-07:00,2025-05-02T12:43:00-07:00,0,10
style.css,255,css,abc6e1fd,na-raghavan,2025-05-02,12:43:00,-07:00,2025-05-02T12:43:00-07:00,0,17
style.css,256,css,abc6e1fd,na-raghavan,2025-05-02,12:43:00,-07:00,2025-05-02T12:43:00-07:00,0,13
style.css,257,css,abc6e1fd,na-raghavan,2025-05-02,12:43:00,-07:00,2025-05-02T12:43:00-07:00,0,58
style.css,258,css,abc6e1fd,na-raghavan,2025-05-02,12:43:00,-07:00,2025-05-02T12:43:00-07:00,0,8
style.css,259,css,abc6e1fd,na-raghavan,2025-05-02,12:43:00,-07:00,2025-05-02T12:43:00-07:00,0,7
style.css,260,css,abc6e1fd,na-raghavan,2025-05-02,12:43:00,-07:00,2025-05-02T12:43:00-07:00,0,0
style.css,261,css,abc6e1fd,na-raghavan,2025-05-02,12:43:00,-07:00,2025-05-02T12:43:00-07:00,0,0
style.css,262,css,abc6e1fd,na-raghavan,2025-05-02,12:43:00,-07:00,2025-05-02T12:43:00-07:00,0,11
style.css,263,css,abc6e1fd,na-raghavan,2025-05-02,12:43:00,-07:00,2025-05-02T12:43:00-07:00,0,13
style.css,264,css,abc6e1fd,na-raghavan,2025-05-02,12:43:00,-07:00,2025-05-02T12:43:00-07:00,0,19
style.css,265,css,abc6e1fd,na-raghavan,2025-05-02,12:43:00,-07:00,2025-05-02T12:43:00-07:00,0,10
style.css,266,css,abc6e1fd,na-raghavan,2025-05-02,12:43:00,-07:00,2025-05-02T12:43:00-07:00,0,15
style.css,267,css,abc6e1fd,na-raghavan,2025-05-02,12:43:00,-07:00,2025-05-02T12:43:00-07:00,0,22
style.css,268,css,abc6e1fd,na-raghavan,2025-05-02,12:43:00,-07:00,2025-05-02T12:43:00-07:00,0,21
style.css,269,css,0b418018,na-raghavan,2025-05-02,13:11:55,-07:00,2025-05-02T13:11:55-07:00,0,15
style.css,270,css,abc6e1fd,na-raghavan,2025-05-02,12:43:00,-07:00,2025-05-02T12:43:00-07:00,0,0
style.css,271,css,abc6e1fd,na-raghavan,2025-05-02,12:43:00,-07:00,2025-05-02T12:43:00-07:00,0,0
style.css,272,css,abc6e1fd,na-raghavan,2025-05-02,12:43:00,-07:00,2025-05-02T12:43:00-07:00,0,16
style.css,273,css,abc6e1fd,na-raghavan,2025-05-02,12:43:00,-07:00,2025-05-02T12:43:00-07:00,0,10
style.css,274,css,abc6e1fd,na-raghavan,2025-05-02,12:43:00,-07:00,2025-05-02T12:43:00-07:00,0,19
style.css,275,css,abc6e1fd,na-raghavan,2025-05-02,12:43:00,-07:00,2025-05-02T12:43:00-07:00,0,24
style.css,276,css,abc6e1fd,na-raghavan,2025-05-02,12:43:00,-07:00,2025-05-02T12:43:00-07:00,0,21
style.css,277,css,abc6e1fd,na-raghavan,2025-05-02,12:43:00,-07:00,2025-05-02T12:43:00-07:00,0,21
style.css,278,css,0b418018,na-raghavan,2025-05-02,13:11:55,-07:00,2025-05-02T13:11:55-07:00,0,17
style.css,279,css,0b418018,na-raghavan,2025-05-02,13:11:55,-07:00,2025-05-02T13:11:55-07:00,0,0
style.css,280,css,a311d429,na-raghavan,2025-05-02,13:28:59,-07:00,2025-05-02T13:28:59-07:00,0,20
style.css,281,css,a311d429,na-raghavan,2025-05-02,13:28:59,-07:00,2025-05-02T13:28:59-07:00,0,17
style.css,282,css,a311d429,na-raghavan,2025-05-02,13:28:59,-07:00,2025-05-02T13:28:59-07:00,0,65
style.css,283,css,a311d429,na-raghavan,2025-05-02,13:28:59,-07:00,2025-05-02T13:28:59-07:00,0,38
style.css,284,css,a311d429,na-raghavan,2025-05-02,13:28:59,-07:00,2025-05-02T13:28:59-07:00,0,28
style.css,285,css,a311d429,na-raghavan,2025-05-02,13:28:59,-07:00,2025-05-02T13:28:59-07:00,0,41
style.css,286,css,a311d429,na-raghavan,2025-05-02,13:28:59,-07:00,2025-05-02T13:28:59-07:00,0,0
style.css,287,css,0b418018,na-raghavan,2025-05-02,13:11:55,-07:00,2025-05-02T13:11:55-07:00,0,28
style.css,288,css,0b418018,na-raghavan,2025-05-02,13:11:55,-07:00,2025-05-02T13:11:55-07:00,0,35
style.css,289,css,f80574e3,na-raghavan,2025-05-02,12:48:47,-07:00,2025-05-02T12:48:47-07:00,0,0
style.css,290,css,f80574e3,na-raghavan,2025-05-02,12:48:47,-07:00,2025-05-02T12:48:47-07:00,0,0
style.css,291,css,f80574e3,na-raghavan,2025-05-02,12:48:47,-07:00,2025-05-02T12:48:47-07:00,0,11
style.css,292,css,f80574e3,na-raghavan,2025-05-02,12:48:47,-07:00,2025-05-02T12:48:47-07:00,0,11
style.css,293,css,f80574e3,na-raghavan,2025-05-02,12:48:47,-07:00,2025-05-02T12:48:47-07:00,0,15
style.css,294,css,f80574e3,na-raghavan,2025-05-02,12:48:47,-07:00,2025-05-02T12:48:47-07:00,0,14
style.css,295,css,f80574e3,na-raghavan,2025-05-02,12:48:47,-07:00,2025-05-02T12:48:47-07:00,0,13
style.css,296,css,f80574e3,na-raghavan,2025-05-02,12:48:47,-07:00,2025-05-02T12:48:47-07:00,0,13
style.css,297,css,f80574e3,na-raghavan,2025-05-02,12:48:47,-07:00,2025-05-02T12:48:47-07:00,0,22
style.css,298,css,f80574e3,na-raghavan,2025-05-02,12:48:47,-07:00,2025-05-02T12:48:47-07:00,0,21
style.css,299,css,dc346c05,na-raghavan,2025-05-02,12:41:21,-07:00,2025-05-02T12:41:21-07:00,0,0
index.js,1,js,8dd24d72,na-raghavan,2025-04-25,20:04:56,-07:00,2025-04-25T20:04:56-07:00,0,72
index.js,2,js,978832eb,na-raghavan,2025-04-25,19:47:23,-07:00,2025-04-25T19:47:23-07:00,0,0
index.js,3,js,978832eb,na-raghavan,2025-04-25,19:47:23,-07:00,2025-04-25T19:47:23-07:00,0,36
index.js,4,js,978832eb,na-raghavan,2025-04-25,19:47:23,-07:00,2025-04-25T19:47:23-07:00,0,4
index.js,5,js,978832eb,na-raghavan,2025-04-25,19:47:23,-07:00,2025-04-25T19:47:23-07:00,0,55
index.js,6,js,978832eb,na-raghavan,2025-04-25,19:47:23,-07:00,2025-04-25T19:47:23-07:00,0,30
index.js,7,js,8dd24d72,na-raghavan,2025-04-25,20:04:56,-07:00,2025-04-25T20:04:56-07:00,0,59
index.js,8,js,978832eb,na-raghavan,2025-04-25,19:47:23,-07:00,2025-04-25T19:47:23-07:00,0,6
index.js,9,js,978832eb,na-raghavan,2025-04-25,19:47:23,-07:00,2025-04-25T19:47:23-07:00,0,0
index.js,10,js,978832eb,na-raghavan,2025-04-25,19:47:23,-07:00,2025-04-25T19:47:23-07:00,0,43
index.js,11,js,978832eb,na-raghavan,2025-04-25,19:47:23,-07:00,2025-04-25T19:47:23-07:00,0,61
index.js,12,js,978832eb,na-raghavan,2025-04-25,19:47:23,-07:00,2025-04-25T19:47:23-07:00,0,24
index.js,13,js,8dd24d72,na-raghavan,2025-04-25,20:04:56,-07:00,2025-04-25T20:04:56-07:00,0,56
index.js,14,js,978832eb,na-raghavan,2025-04-25,19:47:23,-07:00,2025-04-25T19:47:23-07:00,0,6
index.js,15,js,978832eb,na-raghavan,2025-04-25,19:47:23,-07:00,2025-04-25T19:47:23-07:00,0,0
index.js,16,js,978832eb,na-raghavan,2025-04-25,19:47:23,-07:00,2025-04-25T19:47:23-07:00,0,55
index.js,17,js,978832eb,na-raghavan,2025-04-25,19:47:23,-07:00,2025-04-25T19:47:23-07:00,0,16
index.js,18,js,978832eb,na-raghavan,2025-04-25,19:47:23,-07:00,2025-04-25T19:47:23-07:00,0,68
index.js,19,js,978832eb,na-raghavan,2025-04-25,19:47:23,-07:00,2025-04-25T19:47:23-07:00,0,0
index.js,20,js,978832eb,na-raghavan,2025-04-25,19:47:23,-07:00,2025-04-25T19:47:23-07:00,0,0
index.js,21,js,978832eb,na-raghavan,2025-04-25,19:47:23,-07:00,2025-04-25T19:47:23-07:00,0,0
index.js,22,js,8dd24d72,na-raghavan,2025-04-25,20:04:56,-07:00,2025-04-25T20:04:56-07:00,0,34
index.js,23,js,8dd24d72,na-raghavan,2025-04-25,20:04:56,-07:00,2025-04-25T20:04:56-07:00,0,4
index.js,24,js,8dd24d72,na-raghavan,2025-04-25,20:04:56,-07:00,2025-04-25T20:04:56-07:00,0,55
index.js,25,js,8dd24d72,na-raghavan,2025-04-25,20:04:56,-07:00,2025-04-25T20:04:56-07:00,0,23
index.js,26,js,8dd24d72,na-raghavan,2025-04-25,20:04:56,-07:00,2025-04-25T20:04:56-07:00,0,0
index.js,27,js,8dd24d72,na-raghavan,2025-04-25,20:04:56,-07:00,2025-04-25T20:04:56-07:00,0,61
index.js,28,js,8dd24d72,na-raghavan,2025-04-25,20:04:56,-07:00,2025-04-25T20:04:56-07:00,0,19
index.js,29,js,8dd24d72,na-raghavan,2025-04-25,20:04:56,-07:00,2025-04-25T20:04:56-07:00,0,58
index.js,30,js,8dd24d72,na-raghavan,2025-04-25,20:04:56,-07:00,2025-04-25T20:04:56-07:00,0,6
index.js,31,js,8dd24d72,na-raghavan,2025-04-25,20:04:56,-07:00,2025-04-25T20:04:56-07:00,0,0
index.js,32,js,8dd24d72,na-raghavan,2025-04-25,20:04:56,-07:00,2025-04-25T20:04:56-07:00,0,0
index.js,33,js,8dd24d72,na-raghavan,2025-04-25,20:04:56,-07:00,2025-04-25T20:04:56-07:00,0,25
index.js,34,js,8dd24d72,na-raghavan,2025-04-25,20:04:56,-07:00,2025-04-25T20:04:56-07:00,0,3
index.js,35,js,8dd24d72,na-raghavan,2025-04-25,20:04:56,-07:00,2025-04-25T20:04:56-07:00,0,56
index.js,36,js,8dd24d72,na-raghavan,2025-04-25,20:04:56,-07:00,2025-04-25T20:04:56-07:00,0,56
index.js,37,js,8dd24d72,na-raghavan,2025-04-25,20:04:56,-07:00,2025-04-25T20:04:56-07:00,0,50
index.js,38,js,8dd24d72,na-raghavan,2025-04-25,20:04:56,-07:00,2025-04-25T20:04:56-07:00,0,50
index.js,39,js,8dd24d72,na-raghavan,2025-04-25,20:04:56,-07:00,2025-04-25T20:04:56-07:00,0,4
index.js,40,js,8dd24d72,na-raghavan,2025-04-25,20:04:56,-07:00,2025-04-25T20:04:56-07:00,0,1
index.js,41,js,8dd24d72,na-raghavan,2025-04-25,20:04:56,-07:00,2025-04-25T20:04:56-07:00,0,16
index.js,42,js,8dd24d72,na-raghavan,2025-04-25,20:04:56,-07:00,2025-04-25T20:04:56-07:00,0,73
index.js,43,js,8dd24d72,na-raghavan,2025-04-25,20:04:56,-07:00,2025-04-25T20:04:56-07:00,0,0
index.js,44,js,8dd24d72,na-raghavan,2025-04-25,20:04:56,-07:00,2025-04-25T20:04:56-07:00,0,0
index.js,45,js,8dd24d72,na-raghavan,2025-04-25,20:04:56,-07:00,2025-04-25T20:04:56-07:00,0,0
index.js,46,js,8dd24d72,na-raghavan,2025-04-25,20:04:56,-07:00,2025-04-25T20:04:56-07:00,0,30
index.js,47,js,8dd24d72,na-raghavan,2025-04-25,20:04:56,-07:00,2025-04-25T20:04:56-07:00,0,26
index.js,48,js,8dd24d72,na-raghavan,2025-04-25,20:04:56,-07:00,2025-04-25T20:04:56-07:00,0,24
index.js,49,js,8dd24d72,na-raghavan,2025-04-25,20:04:56,-07:00,2025-04-25T20:04:56-07:00,0,0
index.js,50,js,8dd24d72,na-raghavan,2025-04-25,20:04:56,-07:00,2025-04-25T20:04:56-07:00,0,0
index.js,51,js,978832eb,na-raghavan,2025-04-25,19:47:23,-07:00,2025-04-25T19:47:23-07:00,0,39
index.js,52,js,8dd24d72,na-raghavan,2025-04-25,20:04:56,-07:00,2025-04-25T20:04:56-07:00,0,59
index.js,53,js,978832eb,na-raghavan,2025-04-25,19:47:23,-07:00,2025-04-25T19:47:23-07:00,0,7
index.js,54,js,8dd24d72,na-raghavan,2025-04-25,20:04:56,-07:00,2025-04-25T20:04:56-07:00,0,14
index.js,55,js,978832eb,na-raghavan,2025-04-25,19:47:23,-07:00,2025-04-25T19:47:23-07:00,0,0
index.html,1,html,6ac14b6d,na-raghavan,2025-04-04,21:11:59,-07:00,2025-04-04T21:11:59-07:00,0,14
index.html,2,html,6ac14b6d,na-raghavan,2025-04-04,21:11:59,-07:00,2025-04-04T21:11:59-07:00,0,15
index.html,3,html,6ac14b6d,na-raghavan,2025-04-04,21:11:59,-07:00,2025-04-04T21:11:59-07:00,0,5
index.html,4,html,6ac14b6d,na-raghavan,2025-04-04,21:11:59,-07:00,2025-04-04T21:11:59-07:00,0,21
index.html,5,html,6ac14b6d,na-raghavan,2025-04-04,21:11:59,-07:00,2025-04-04T21:11:59-07:00,0,69
index.html,6,html,6ac14b6d,na-raghavan,2025-04-04,21:11:59,-07:00,2025-04-04T21:11:59-07:00,0,62
index.html,7,html,deed6abc,na-raghavan,2025-04-04,21:21:03,-07:00,2025-04-04T21:21:03-07:00,0,39
index.html,8,html,6ac14b6d,na-raghavan,2025-04-04,21:11:59,-07:00,2025-04-04T21:11:59-07:00,0,6
index.html,9,html,6ac14b6d,na-raghavan,2025-04-04,21:11:59,-07:00,2025-04-04T21:11:59-07:00,0,5
index.html,10,html,6ac14b6d,na-raghavan,2025-04-04,21:11:59,-07:00,2025-04-04T21:11:59-07:00,0,27
index.html,11,html,6ac14b6d,na-raghavan,2025-04-04,21:11:59,-07:00,2025-04-04T21:11:59-07:00,0,123
index.html,12,html,75bd49f6,na-raghavan,2025-04-11,20:47:29,-07:00,2025-04-11T20:47:29-07:00,0,94
index.html,13,html,ef907426,na-raghavan,2025-04-25,19:47:07,-07:00,2025-04-25T19:47:07-07:00,0,23
index.html,14,html,ef907426,na-raghavan,2025-04-25,19:47:07,-07:00,2025-04-25T19:47:07-07:00,0,21
index.html,15,html,ef907426,na-raghavan,2025-04-25,19:47:07,-07:00,2025-04-25T19:47:07-07:00,0,5
index.html,16,html,8dd24d72,na-raghavan,2025-04-25,20:04:56,-07:00,2025-04-25T20:04:56-07:00,0,28
index.html,17,html,8dd24d72,na-raghavan,2025-04-25,20:04:56,-07:00,2025-04-25T20:04:56-07:00,0,23
index.html,18,html,8dd24d72,na-raghavan,2025-04-25,20:04:56,-07:00,2025-04-25T20:04:56-07:00,0,5
index.html,19,html,0c9be833,na-raghavan,2025-04-19,13:15:13,-07:00,2025-04-19T13:15:13-07:00,0,57
index.html,20,html,ef907426,na-raghavan,2025-04-25,19:47:07,-07:00,2025-04-25T19:47:07-07:00,0,62
index.html,21,html,6ac14b6d,na-raghavan,2025-04-04,21:11:59,-07:00,2025-04-04T21:11:59-07:00,0,6
index.html,22,html,6ac14b6d,na-raghavan,2025-04-04,21:11:59,-07:00,2025-04-04T21:11:59-07:00,0,6
global.js,1,js,0c9be833,na-raghavan,2025-04-19,13:15:13,-07:00,2025-04-19T13:15:13-07:00,0,42
global.js,2,js,0c9be833,na-raghavan,2025-04-19,13:15:13,-07:00,2025-04-19T13:15:13-07:00,0,53
global.js,3,js,0c9be833,na-raghavan,2025-04-19,13:15:13,-07:00,2025-04-19T13:15:13-07:00,0,0
global.js,4,js,0c9be833,na-raghavan,2025-04-19,13:15:13,-07:00,2025-04-19T13:15:13-07:00,0,0
global.js,5,js,0c9be833,na-raghavan,2025-04-19,13:15:13,-07:00,2025-04-19T13:15:13-07:00,0,23
global.js,6,js,a90e4cfb,na-raghavan,2025-04-19,18:25:29,-07:00,2025-04-19T18:25:29-07:00,0,45
global.js,7,js,a90e4cfb,na-raghavan,2025-04-19,18:25:29,-07:00,2025-04-19T18:25:29-07:00,0,68
global.js,8,js,a90e4cfb,na-raghavan,2025-04-19,18:25:29,-07:00,2025-04-19T18:25:29-07:00,0,30
global.js,9,js,0c9be833,na-raghavan,2025-04-19,13:15:13,-07:00,2025-04-19T13:15:13-07:00,0,0
global.js,10,js,a90e4cfb,na-raghavan,2025-04-19,18:25:29,-07:00,2025-04-19T18:25:29-07:00,0,10
global.js,11,js,0c9be833,na-raghavan,2025-04-19,13:15:13,-07:00,2025-04-19T13:15:13-07:00,0,0
global.js,12,js,0c9be833,na-raghavan,2025-04-19,13:15:13,-07:00,2025-04-19T13:15:13-07:00,0,31
global.js,13,js,0c9be833,na-raghavan,2025-04-19,13:15:13,-07:00,2025-04-19T13:15:13-07:00,0,0
global.js,14,js,0c9be833,na-raghavan,2025-04-19,13:15:13,-07:00,2025-04-19T13:15:13-07:00,0,12
global.js,15,js,0c9be833,na-raghavan,2025-04-19,13:15:13,-07:00,2025-04-19T13:15:13-07:00,0,26
global.js,16,js,0c9be833,na-raghavan,2025-04-19,13:15:13,-07:00,2025-04-19T13:15:13-07:00,0,39
global.js,17,js,0c9be833,na-raghavan,2025-04-19,13:15:13,-07:00,2025-04-19T13:15:13-07:00,0,37
global.js,18,js,0c9be833,na-raghavan,2025-04-19,13:15:13,-07:00,2025-04-19T13:15:13-07:00,0,27
global.js,19,js,0c9be833,na-raghavan,2025-04-19,13:15:13,-07:00,2025-04-19T13:15:13-07:00,0,59
global.js,20,js,0c9be833,na-raghavan,2025-04-19,13:15:13,-07:00,2025-04-19T13:15:13-07:00,0,1
global.js,21,js,0c9be833,na-raghavan,2025-04-19,13:15:13,-07:00,2025-04-19T13:15:13-07:00,0,0
global.js,22,js,0c9be833,na-raghavan,2025-04-19,13:15:13,-07:00,2025-04-19T13:15:13-07:00,0,39
global.js,23,js,0c9be833,na-raghavan,2025-04-19,13:15:13,-07:00,2025-04-19T13:15:13-07:00,0,26
global.js,24,js,0c9be833,na-raghavan,2025-04-19,13:15:13,-07:00,2025-04-19T13:15:13-07:00,0,0
global.js,25,js,0c9be833,na-raghavan,2025-04-19,13:15:13,-07:00,2025-04-19T13:15:13-07:00,0,21
global.js,26,js,0c9be833,na-raghavan,2025-04-19,13:15:13,-07:00,2025-04-19T13:15:13-07:00,0,15
global.js,27,js,0c9be833,na-raghavan,2025-04-19,13:15:13,-07:00,2025-04-19T13:15:13-07:00,0,19
global.js,28,js,63399936,na-raghavan,2025-04-19,17:15:52,-07:00,2025-04-19T17:15:52-07:00,0,0
global.js,29,js,0c9be833,na-raghavan,2025-04-19,13:15:13,-07:00,2025-04-19T13:15:13-07:00,0,29
global.js,30,js,0c9be833,na-raghavan,2025-04-19,13:15:13,-07:00,2025-04-19T13:15:13-07:00,0,21
global.js,31,js,0c9be833,na-raghavan,2025-04-19,13:15:13,-07:00,2025-04-19T13:15:13-07:00,0,0
global.js,32,js,63399936,na-raghavan,2025-04-19,17:15:52,-07:00,2025-04-19T17:15:52-07:00,0,0
global.js,33,js,0c9be833,na-raghavan,2025-04-19,13:15:13,-07:00,2025-04-19T13:15:13-07:00,0,35
global.js,34,js,0c9be833,na-raghavan,2025-04-19,13:15:13,-07:00,2025-04-19T13:15:13-07:00,0,12
global.js,35,js,0c9be833,na-raghavan,2025-04-19,13:15:13,-07:00,2025-04-19T13:15:13-07:00,0,21
global.js,36,js,63399936,na-raghavan,2025-04-19,17:15:52,-07:00,2025-04-19T17:15:52-07:00,0,0
global.js,37,js,0c9be833,na-raghavan,2025-04-19,13:15:13,-07:00,2025-04-19T13:15:13-07:00,0,77
global.js,38,js,63399936,na-raghavan,2025-04-19,17:15:52,-07:00,2025-04-19T17:15:52-07:00,0,0
global.js,39,js,0c9be833,na-raghavan,2025-04-19,13:15:13,-07:00,2025-04-19T13:15:13-07:00,0,97
global.js,40,js,0c9be833,na-raghavan,2025-04-19,13:15:13,-07:00,2025-04-19T13:15:13-07:00,0,73
global.js,41,js,63399936,na-raghavan,2025-04-19,17:15:52,-07:00,2025-04-19T17:15:52-07:00,0,0
global.js,42,js,63399936,na-raghavan,2025-04-19,17:15:52,-07:00,2025-04-19T17:15:52-07:00,0,44
global.js,43,js,63399936,na-raghavan,2025-04-19,17:15:52,-07:00,2025-04-19T17:15:52-07:00,0,27
global.js,44,js,63399936,na-raghavan,2025-04-19,17:15:52,-07:00,2025-04-19T17:15:52-07:00,0,32
global.js,45,js,63399936,na-raghavan,2025-04-19,17:15:52,-07:00,2025-04-19T17:15:52-07:00,0,31
global.js,46,js,63399936,na-raghavan,2025-04-19,17:15:52,-07:00,2025-04-19T17:15:52-07:00,0,0
global.js,47,js,0c9be833,na-raghavan,2025-04-19,13:15:13,-07:00,2025-04-19T13:15:13-07:00,0,40
global.js,48,js,63399936,na-raghavan,2025-04-19,17:15:52,-07:00,2025-04-19T17:15:52-07:00,0,0
global.js,49,js,0c9be833,na-raghavan,2025-04-19,13:15:13,-07:00,2025-04-19T13:15:13-07:00,0,30
global.js,50,js,0c9be833,na-raghavan,2025-04-19,13:15:13,-07:00,2025-04-19T13:15:13-07:00,0,19
global.js,51,js,0c9be833,na-raghavan,2025-04-19,13:15:13,-07:00,2025-04-19T13:15:13-07:00,0,0
global.js,52,js,63399936,na-raghavan,2025-04-19,17:15:52,-07:00,2025-04-19T17:15:52-07:00,0,0
global.js,53,js,0c9be833,na-raghavan,2025-04-19,13:15:13,-07:00,2025-04-19T13:15:13-07:00,0,13
global.js,54,js,63399936,na-raghavan,2025-04-19,17:15:52,-07:00,2025-04-19T17:15:52-07:00,0,0
global.js,55,js,63399936,na-raghavan,2025-04-19,17:15:52,-07:00,2025-04-19T17:15:52-07:00,0,0
global.js,56,js,a90e4cfb,na-raghavan,2025-04-19,18:25:29,-07:00,2025-04-19T18:25:29-07:00,0,47
global.js,57,js,63399936,na-raghavan,2025-04-19,17:15:52,-07:00,2025-04-19T17:15:52-07:00,0,27
global.js,58,js,63399936,na-raghavan,2025-04-19,17:15:52,-07:00,2025-04-19T17:15:52-07:00,0,5
global.js,59,js,63399936,na-raghavan,2025-04-19,17:15:52,-07:00,2025-04-19T17:15:52-07:00,0,7
global.js,60,js,63399936,na-raghavan,2025-04-19,17:15:52,-07:00,2025-04-19T17:15:52-07:00,0,44
global.js,61,js,63399936,na-raghavan,2025-04-19,17:15:52,-07:00,2025-04-19T17:15:52-07:00,0,35
global.js,62,js,63399936,na-raghavan,2025-04-19,17:15:52,-07:00,2025-04-19T17:15:52-07:00,0,33
global.js,63,js,63399936,na-raghavan,2025-04-19,17:15:52,-07:00,2025-04-19T17:15:52-07:00,0,8
global.js,64,js,63399936,na-raghavan,2025-04-19,17:15:52,-07:00,2025-04-19T17:15:52-07:00,0,7
global.js,65,js,a90e4cfb,na-raghavan,2025-04-19,18:25:29,-07:00,2025-04-19T18:25:29-07:00,0,2
global.js,66,js,a90e4cfb,na-raghavan,2025-04-19,18:25:29,-07:00,2025-04-19T18:25:29-07:00,0,0
global.js,67,js,63399936,na-raghavan,2025-04-19,17:15:52,-07:00,2025-04-19T17:15:52-07:00,0,0
global.js,68,js,63399936,na-raghavan,2025-04-19,17:15:52,-07:00,2025-04-19T17:15:52-07:00,0,61
global.js,69,js,63399936,na-raghavan,2025-04-19,17:15:52,-07:00,2025-04-19T17:15:52-07:00,0,0
global.js,70,js,63399936,na-raghavan,2025-04-19,17:15:52,-07:00,2025-04-19T17:15:52-07:00,0,37
global.js,71,js,63399936,na-raghavan,2025-04-19,17:15:52,-07:00,2025-04-19T17:15:52-07:00,0,71
global.js,72,js,63399936,na-raghavan,2025-04-19,17:15:52,-07:00,2025-04-19T17:15:52-07:00,0,0
global.js,73,js,63399936,na-raghavan,2025-04-19,17:15:52,-07:00,2025-04-19T17:15:52-07:00,0,0
global.js,74,js,63399936,na-raghavan,2025-04-19,17:15:52,-07:00,2025-04-19T17:15:52-07:00,0,35
global.js,75,js,63399936,na-raghavan,2025-04-19,17:15:52,-07:00,2025-04-19T17:15:52-07:00,0,44
global.js,76,js,63399936,na-raghavan,2025-04-19,17:15:52,-07:00,2025-04-19T17:15:52-07:00,0,27
global.js,77,js,63399936,na-raghavan,2025-04-19,17:15:52,-07:00,2025-04-19T17:15:52-07:00,0,26
global.js,78,js,63399936,na-raghavan,2025-04-19,17:15:52,-07:00,2025-04-19T17:15:52-07:00,0,0
global.js,79,js,63399936,na-raghavan,2025-04-19,17:15:52,-07:00,2025-04-19T17:15:52-07:00,0,0
global.js,80,js,63399936,na-raghavan,2025-04-19,17:15:52,-07:00,2025-04-19T17:15:52-07:00,0,44
global.js,81,js,63399936,na-raghavan,2025-04-19,17:15:52,-07:00,2025-04-19T17:15:52-07:00,0,33
global.js,82,js,63399936,na-raghavan,2025-04-19,17:15:52,-07:00,2025-04-19T17:15:52-07:00,0,22
global.js,83,js,63399936,na-raghavan,2025-04-19,17:15:52,-07:00,2025-04-19T17:15:52-07:00,0,33
global.js,84,js,63399936,na-raghavan,2025-04-19,17:15:52,-07:00,2025-04-19T17:15:52-07:00,0,2
global.js,85,js,50f30bfe,na-raghavan,2025-04-19,17:21:33,-07:00,2025-04-19T17:21:33-07:00,0,0
global.js,86,js,50f30bfe,na-raghavan,2025-04-19,17:21:33,-07:00,2025-04-19T17:21:33-07:00,0,62
global.js,87,js,50f30bfe,na-raghavan,2025-04-19,17:21:33,-07:00,2025-04-19T17:21:33-07:00,0,0
global.js,88,js,50f30bfe,na-raghavan,2025-04-19,17:21:33,-07:00,2025-04-19T17:21:33-07:00,0,44
global.js,89,js,50f30bfe,na-raghavan,2025-04-19,17:21:33,-07:00,2025-04-19T17:21:33-07:00,0,22
global.js,90,js,50f30bfe,na-raghavan,2025-04-19,17:21:33,-07:00,2025-04-19T17:21:33-07:00,0,0
global.js,91,js,50f30bfe,na-raghavan,2025-04-19,17:21:33,-07:00,2025-04-19T17:21:33-07:00,0,31
global.js,92,js,50f30bfe,na-raghavan,2025-04-19,17:21:33,-07:00,2025-04-19T17:21:33-07:00,0,17
global.js,93,js,50f30bfe,na-raghavan,2025-04-19,17:21:33,-07:00,2025-04-19T17:21:33-07:00,0,0
global.js,94,js,50f30bfe,na-raghavan,2025-04-19,17:21:33,-07:00,2025-04-19T17:21:33-07:00,0,32
global.js,95,js,50f30bfe,na-raghavan,2025-04-19,17:21:33,-07:00,2025-04-19T17:21:33-07:00,0,41
global.js,96,js,50f30bfe,na-raghavan,2025-04-19,17:21:33,-07:00,2025-04-19T17:21:33-07:00,0,33
global.js,97,js,50f30bfe,na-raghavan,2025-04-19,17:21:33,-07:00,2025-04-19T17:21:33-07:00,0,0
global.js,98,js,50f30bfe,na-raghavan,2025-04-19,17:21:33,-07:00,2025-04-19T17:21:33-07:00,0,0
global.js,99,js,50f30bfe,na-raghavan,2025-04-19,17:21:33,-07:00,2025-04-19T17:21:33-07:00,0,30
global.js,100,js,50f30bfe,na-raghavan,2025-04-19,17:21:33,-07:00,2025-04-19T17:21:33-07:00,0,42
global.js,101,js,50f30bfe,na-raghavan,2025-04-19,17:21:33,-07:00,2025-04-19T17:21:33-07:00,0,32
global.js,102,js,50f30bfe,na-raghavan,2025-04-19,17:21:33,-07:00,2025-04-19T17:21:33-07:00,0,0
global.js,103,js,50f30bfe,na-raghavan,2025-04-19,17:21:33,-07:00,2025-04-19T17:21:33-07:00,0,39
global.js,104,js,50f30bfe,na-raghavan,2025-04-19,17:21:33,-07:00,2025-04-19T17:21:33-07:00,0,19
global.js,105,js,50f30bfe,na-raghavan,2025-04-19,17:21:33,-07:00,2025-04-19T17:21:33-07:00,0,2
global.js,106,js,7009a204,na-raghavan,2025-04-25,18:04:16,-07:00,2025-04-25T18:04:16-07:00,0,0
global.js,107,js,7009a204,na-raghavan,2025-04-25,18:04:16,-07:00,2025-04-25T18:04:16-07:00,0,37
global.js,108,js,7009a204,na-raghavan,2025-04-25,18:04:16,-07:00,2025-04-25T18:04:16-07:00,0,4
global.js,109,js,7009a204,na-raghavan,2025-04-25,18:04:16,-07:00,2025-04-25T18:04:16-07:00,0,33
global.js,110,js,7009a204,na-raghavan,2025-04-25,18:04:16,-07:00,2025-04-25T18:04:16-07:00,0,18
global.js,111,js,7009a204,na-raghavan,2025-04-25,18:04:16,-07:00,2025-04-25T18:04:16-07:00,0,67
global.js,112,js,7009a204,na-raghavan,2025-04-25,18:04:16,-07:00,2025-04-25T18:04:16-07:00,0,0
global.js,113,js,7009a204,na-raghavan,2025-04-25,18:04:16,-07:00,2025-04-25T18:04:16-07:00,0,34
global.js,114,js,7009a204,na-raghavan,2025-04-25,18:04:16,-07:00,2025-04-25T18:04:16-07:00,0,11
global.js,115,js,7009a204,na-raghavan,2025-04-25,18:04:16,-07:00,2025-04-25T18:04:16-07:00,0,16
global.js,116,js,7009a204,na-raghavan,2025-04-25,18:04:16,-07:00,2025-04-25T18:04:16-07:00,0,60
global.js,117,js,7009a204,na-raghavan,2025-04-25,18:04:16,-07:00,2025-04-25T18:04:16-07:00,0,0
global.js,118,js,7009a204,na-raghavan,2025-04-25,18:04:16,-07:00,2025-04-25T18:04:16-07:00,0,0
global.js,119,js,7009a204,na-raghavan,2025-04-25,18:04:16,-07:00,2025-04-25T18:04:16-07:00,0,0
global.js,120,js,7009a204,na-raghavan,2025-04-25,18:04:16,-07:00,2025-04-25T18:04:16-07:00,0,80
global.js,121,js,7009a204,na-raghavan,2025-04-25,18:04:16,-07:00,2025-04-25T18:04:16-07:00,0,30
global.js,122,js,7009a204,na-raghavan,2025-04-25,18:04:16,-07:00,2025-04-25T18:04:16-07:00,0,76
global.js,123,js,7009a204,na-raghavan,2025-04-25,18:04:16,-07:00,2025-04-25T18:04:16-07:00,0,6
global.js,124,js,7009a204,na-raghavan,2025-04-25,18:04:16,-07:00,2025-04-25T18:04:16-07:00,0,0
global.js,125,js,7009a204,na-raghavan,2025-04-25,18:04:16,-07:00,2025-04-25T18:04:16-07:00,0,48
global.js,126,js,7009a204,na-raghavan,2025-04-25,18:04:16,-07:00,2025-04-25T18:04:16-07:00,0,70
global.js,127,js,7009a204,na-raghavan,2025-04-25,18:04:16,-07:00,2025-04-25T18:04:16-07:00,0,6
global.js,128,js,7009a204,na-raghavan,2025-04-25,18:04:16,-07:00,2025-04-25T18:04:16-07:00,0,0
global.js,129,js,7009a204,na-raghavan,2025-04-25,18:04:16,-07:00,2025-04-25T18:04:16-07:00,0,0
global.js,130,js,7009a204,na-raghavan,2025-04-25,18:04:16,-07:00,2025-04-25T18:04:16-07:00,0,53
global.js,131,js,7009a204,na-raghavan,2025-04-25,18:04:16,-07:00,2025-04-25T18:04:16-07:00,0,57
global.js,132,js,7009a204,na-raghavan,2025-04-25,18:04:16,-07:00,2025-04-25T18:04:16-07:00,0,12
global.js,133,js,7009a204,na-raghavan,2025-04-25,18:04:16,-07:00,2025-04-25T18:04:16-07:00,0,77
global.js,134,js,7009a204,na-raghavan,2025-04-25,18:04:16,-07:00,2025-04-25T18:04:16-07:00,0,1
global.js,135,js,7009a204,na-raghavan,2025-04-25,18:04:16,-07:00,2025-04-25T18:04:16-07:00,0,19
global.js,136,js,7009a204,na-raghavan,2025-04-25,18:04:16,-07:00,2025-04-25T18:04:16-07:00,0,0
global.js,137,js,7009a204,na-raghavan,2025-04-25,18:04:16,-07:00,2025-04-25T18:04:16-07:00,0,0
global.js,138,js,7009a204,na-raghavan,2025-04-25,18:04:16,-07:00,2025-04-25T18:04:16-07:00,0,31
global.js,139,js,7009a204,na-raghavan,2025-04-25,18:04:16,-07:00,2025-04-25T18:04:16-07:00,0,0
global.js,140,js,7009a204,na-raghavan,2025-04-25,18:04:16,-07:00,2025-04-25T18:04:16-07:00,0,27
global.js,141,js,7009a204,na-raghavan,2025-04-25,18:04:16,-07:00,2025-04-25T18:04:16-07:00,0,44
global.js,142,js,7009a204,na-raghavan,2025-04-25,18:04:16,-07:00,2025-04-25T18:04:16-07:00,0,48
global.js,143,js,7009a204,na-raghavan,2025-04-25,18:04:16,-07:00,2025-04-25T18:04:16-07:00,0,38
global.js,144,js,7009a204,na-raghavan,2025-04-25,18:04:16,-07:00,2025-04-25T18:04:16-07:00,0,6
global.js,145,js,7009a204,na-raghavan,2025-04-25,18:04:16,-07:00,2025-04-25T18:04:16-07:00,0,0
global.js,146,js,7009a204,na-raghavan,2025-04-25,18:04:16,-07:00,2025-04-25T18:04:16-07:00,0,0
global.js,147,js,7009a204,na-raghavan,2025-04-25,18:04:16,-07:00,2025-04-25T18:04:16-07:00,0,28
global.js,148,js,b1379676,na-raghavan,2025-05-02,12:25:11,-07:00,2025-05-02T12:25:11-07:00,0,79
global.js,149,js,7009a204,na-raghavan,2025-04-25,18:04:16,-07:00,2025-04-25T18:04:16-07:00,0,0
global.js,150,js,7009a204,na-raghavan,2025-04-25,18:04:16,-07:00,2025-04-25T18:04:16-07:00,0,49
global.js,151,js,7009a204,na-raghavan,2025-04-25,18:04:16,-07:00,2025-04-25T18:04:16-07:00,0,20
global.js,152,js,7009a204,na-raghavan,2025-04-25,18:04:16,-07:00,2025-04-25T18:04:16-07:00,0,42
global.js,153,js,7009a204,na-raghavan,2025-04-25,18:04:16,-07:00,2025-04-25T18:04:16-07:00,0,34
global.js,154,js,b1379676,na-raghavan,2025-05-02,12:25:11,-07:00,2025-05-02T12:25:11-07:00,0,25
global.js,155,js,b1379676,na-raghavan,2025-05-02,12:25:11,-07:00,2025-05-02T12:25:11-07:00,0,48
global.js,156,js,b1379676,na-raghavan,2025-05-02,12:25:11,-07:00,2025-05-02T12:25:11-07:00,0,34
global.js,157,js,b1379676,na-raghavan,2025-05-02,12:25:11,-07:00,2025-05-02T12:25:11-07:00,0,5
global.js,158,js,7009a204,na-raghavan,2025-04-25,18:04:16,-07:00,2025-04-25T18:04:16-07:00,0,1
global.js,159,js,7009a204,na-raghavan,2025-04-25,18:04:16,-07:00,2025-04-25T18:04:16-07:00,0,37
global.js,160,js,7009a204,na-raghavan,2025-04-25,18:04:16,-07:00,2025-04-25T18:04:16-07:00,0,2
global.js,161,js,5eb87014,na-raghavan,2025-04-25,19:59:50,-07:00,2025-04-25T19:59:50-07:00,0,0
global.js,162,js,5eb87014,na-raghavan,2025-04-25,19:59:50,-07:00,2025-04-25T19:59:50-07:00,0,0
global.js,163,js,5eb87014,na-raghavan,2025-04-25,19:59:50,-07:00,2025-04-25T19:59:50-07:00,0,48
global.js,164,js,5eb87014,na-raghavan,2025-04-25,19:59:50,-07:00,2025-04-25T19:59:50-07:00,0,4
global.js,165,js,5eb87014,na-raghavan,2025-04-25,19:59:50,-07:00,2025-04-25T19:59:50-07:00,0,72
global.js,166,js,5eb87014,na-raghavan,2025-04-25,19:59:50,-07:00,2025-04-25T19:59:50-07:00,0,11
global.js,167,js,5eb87014,na-raghavan,2025-04-25,19:59:50,-07:00,2025-04-25T19:59:50-07:00,0,16
global.js,168,js,5eb87014,na-raghavan,2025-04-25,19:59:50,-07:00,2025-04-25T19:59:50-07:00,0,64
global.js,169,js,5eb87014,na-raghavan,2025-04-25,19:59:50,-07:00,2025-04-25T19:59:50-07:00,0,0
global.js,170,js,7009a204,na-raghavan,2025-04-25,18:04:16,-07:00,2025-04-25T18:04:16-07:00,0,0
projects\projects.js,1,js,7009a204,na-raghavan,2025-04-25,18:04:16,-07:00,2025-04-25T18:04:16-07:00,0,56
projects\projects.js,2,js,dc346c05,na-raghavan,2025-05-02,12:41:21,-07:00,2025-05-02T12:41:21-07:00,0,64
projects\projects.js,3,js,7009a204,na-raghavan,2025-04-25,18:04:16,-07:00,2025-04-25T18:04:16-07:00,0,0
projects\projects.js,4,js,a311d429,na-raghavan,2025-05-02,13:28:59,-07:00,2025-05-02T13:28:59-07:00,0,17
projects\projects.js,5,js,a311d429,na-raghavan,2025-05-02,13:28:59,-07:00,2025-05-02T13:28:59-07:00,0,20
projects\projects.js,6,js,a311d429,na-raghavan,2025-05-02,13:28:59,-07:00,2025-05-02T13:28:59-07:00,0,23
projects\projects.js,7,js,a311d429,na-raghavan,2025-05-02,13:28:59,-07:00,2025-05-02T13:28:59-07:00,0,0
projects\projects.js,8,js,f80574e3,na-raghavan,2025-05-02,12:48:47,-07:00,2025-05-02T12:48:47-07:00,0,21
projects\projects.js,9,js,f80574e3,na-raghavan,2025-05-02,12:48:47,-07:00,2025-05-02T12:48:47-07:00,0,15
projects\projects.js,10,js,a311d429,na-raghavan,2025-05-02,13:28:59,-07:00,2025-05-02T13:28:59-07:00,0,19
projects\projects.js,11,js,a311d429,na-raghavan,2025-05-02,13:28:59,-07:00,2025-05-02T13:28:59-07:00,0,7
projects\projects.js,12,js,a311d429,na-raghavan,2025-05-02,13:28:59,-07:00,2025-05-02T13:28:59-07:00,0,12
projects\projects.js,13,js,f80574e3,na-raghavan,2025-05-02,12:48:47,-07:00,2025-05-02T12:48:47-07:00,0,0
projects\projects.js,14,js,7009a204,na-raghavan,2025-04-25,18:04:16,-07:00,2025-04-25T18:04:16-07:00,0,30
projects\projects.js,15,js,7009a204,na-raghavan,2025-04-25,18:04:16,-07:00,2025-04-25T18:04:16-07:00,0,4
projects\projects.js,16,js,f80574e3,na-raghavan,2025-05-02,12:48:47,-07:00,2025-05-02T12:48:47-07:00,0,50
projects\projects.js,17,js,dc346c05,na-raghavan,2025-05-02,12:41:21,-07:00,2025-05-02T12:41:21-07:00,0,0
projects\projects.js,18,js,a311d429,na-raghavan,2025-05-02,13:28:59,-07:00,2025-05-02T13:28:59-07:00,0,55
projects\projects.js,19,js,a311d429,na-raghavan,2025-05-02,13:28:59,-07:00,2025-05-02T13:28:59-07:00,0,50
projects\projects.js,20,js,a311d429,na-raghavan,2025-05-02,13:28:59,-07:00,2025-05-02T13:28:59-07:00,0,59
projects\projects.js,21,js,a311d429,na-raghavan,2025-05-02,13:28:59,-07:00,2025-05-02T13:28:59-07:00,0,37
projects\projects.js,22,js,a311d429,na-raghavan,2025-05-02,13:28:59,-07:00,2025-05-02T13:28:59-07:00,0,31
projects\projects.js,23,js,f80574e3,na-raghavan,2025-05-02,12:48:47,-07:00,2025-05-02T12:48:47-07:00,0,13
projects\projects.js,24,js,a311d429,na-raghavan,2025-05-02,13:28:59,-07:00,2025-05-02T13:28:59-07:00,0,17
projects\projects.js,25,js,f80574e3,na-raghavan,2025-05-02,12:48:47,-07:00,2025-05-02T12:48:47-07:00,0,14
projects\projects.js,26,js,f80574e3,na-raghavan,2025-05-02,12:48:47,-07:00,2025-05-02T12:48:47-07:00,0,45
projects\projects.js,27,js,a311d429,na-raghavan,2025-05-02,13:28:59,-07:00,2025-05-02T13:28:59-07:00,0,23
projects\projects.js,28,js,a311d429,na-raghavan,2025-05-02,13:28:59,-07:00,2025-05-02T13:28:59-07:00,0,86
projects\projects.js,29,js,a311d429,na-raghavan,2025-05-02,13:28:59,-07:00,2025-05-02T13:28:59-07:00,0,0
projects\projects.js,30,js,7009a204,na-raghavan,2025-04-25,18:04:16,-07:00,2025-04-25T18:04:16-07:00,0,0
projects\projects.js,31,js,7009a204,na-raghavan,2025-04-25,18:04:16,-07:00,2025-04-25T18:04:16-07:00,0,0
projects\projects.js,32,js,7009a204,na-raghavan,2025-04-25,18:04:16,-07:00,2025-04-25T18:04:16-07:00,0,0
projects\projects.js,33,js,f80574e3,na-raghavan,2025-05-02,12:48:47,-07:00,2025-05-02T12:48:47-07:00,0,23
projects\projects.js,34,js,a311d429,na-raghavan,2025-05-02,13:28:59,-07:00,2025-05-02T13:28:59-07:00,0,24
projects\projects.js,35,js,f80574e3,na-raghavan,2025-05-02,12:48:47,-07:00,2025-05-02T12:48:47-07:00,0,47
projects\projects.js,36,js,a311d429,na-raghavan,2025-05-02,13:28:59,-07:00,2025-05-02T13:28:59-07:00,0,46
projects\projects.js,37,js,a311d429,na-raghavan,2025-05-02,13:28:59,-07:00,2025-05-02T13:28:59-07:00,0,19
projects\projects.js,38,js,a311d429,na-raghavan,2025-05-02,13:28:59,-07:00,2025-05-02T13:28:59-07:00,0,17
projects\projects.js,39,js,f80574e3,na-raghavan,2025-05-02,12:48:47,-07:00,2025-05-02T12:48:47-07:00,0,2
projects\projects.js,40,js,f80574e3,na-raghavan,2025-05-02,12:48:47,-07:00,2025-05-02T12:48:47-07:00,0,0
projects\projects.js,41,js,f80574e3,na-raghavan,2025-05-02,12:48:47,-07:00,2025-05-02T12:48:47-07:00,0,0
projects\projects.js,42,js,a311d429,na-raghavan,2025-05-02,13:28:59,-07:00,2025-05-02T13:28:59-07:00,0,45
projects\projects.js,43,js,f80574e3,na-raghavan,2025-05-02,12:48:47,-07:00,2025-05-02T12:48:47-07:00,0,29
projects\projects.js,44,js,a311d429,na-raghavan,2025-05-02,13:28:59,-07:00,2025-05-02T13:28:59-07:00,0,35
projects\projects.js,45,js,f80574e3,na-raghavan,2025-05-02,12:48:47,-07:00,2025-05-02T12:48:47-07:00,0,60
projects\projects.js,46,js,f80574e3,na-raghavan,2025-05-02,12:48:47,-07:00,2025-05-02T12:48:47-07:00,0,27
projects\projects.js,47,js,f80574e3,na-raghavan,2025-05-02,12:48:47,-07:00,2025-05-02T12:48:47-07:00,0,2
projects\projects.js,48,js,f80574e3,na-raghavan,2025-05-02,12:48:47,-07:00,2025-05-02T12:48:47-07:00,0,0
projects\projects.js,49,js,f80574e3,na-raghavan,2025-05-02,12:48:47,-07:00,2025-05-02T12:48:47-07:00,0,0
projects\projects.js,50,js,a311d429,na-raghavan,2025-05-02,13:28:59,-07:00,2025-05-02T13:28:59-07:00,0,27
projects\projects.js,51,js,a311d429,na-raghavan,2025-05-02,13:28:59,-07:00,2025-05-02T13:28:59-07:00,0,62
projects\projects.js,52,js,a311d429,na-raghavan,2025-05-02,13:28:59,-07:00,2025-05-02T13:28:59-07:00,0,0
projects\projects.js,53,js,a311d429,na-raghavan,2025-05-02,13:28:59,-07:00,2025-05-02T13:28:59-07:00,0,37
projects\projects.js,54,js,a311d429,na-raghavan,2025-05-02,13:28:59,-07:00,2025-05-02T13:28:59-07:00,0,54
projects\projects.js,55,js,a311d429,na-raghavan,2025-05-02,13:28:59,-07:00,2025-05-02T13:28:59-07:00,0,18
projects\projects.js,56,js,a311d429,na-raghavan,2025-05-02,13:28:59,-07:00,2025-05-02T13:28:59-07:00,0,0
projects\projects.js,57,js,a311d429,na-raghavan,2025-05-02,13:28:59,-07:00,2025-05-02T13:28:59-07:00,0,21
projects\projects.js,58,js,a311d429,na-raghavan,2025-05-02,13:28:59,-07:00,2025-05-02T13:28:59-07:00,0,68
projects\projects.js,59,js,a311d429,na-raghavan,2025-05-02,13:28:59,-07:00,2025-05-02T13:28:59-07:00,0,0
projects\projects.js,60,js,a311d429,na-raghavan,2025-05-02,13:28:59,-07:00,2025-05-02T13:28:59-07:00,0,0
projects\projects.js,61,js,a311d429,na-raghavan,2025-05-02,13:28:59,-07:00,2025-05-02T13:28:59-07:00,0,23
projects\projects.js,62,js,a311d429,na-raghavan,2025-05-02,13:28:59,-07:00,2025-05-02T13:28:59-07:00,0,58
projects\projects.js,63,js,a311d429,na-raghavan,2025-05-02,13:28:59,-07:00,2025-05-02T13:28:59-07:00,0,0
projects\projects.js,64,js,a311d429,na-raghavan,2025-05-02,13:28:59,-07:00,2025-05-02T13:28:59-07:00,0,0
projects\projects.js,65,js,a311d429,na-raghavan,2025-05-02,13:28:59,-07:00,2025-05-02T13:28:59-07:00,0,0
projects\projects.js,66,js,a311d429,na-raghavan,2025-05-02,13:28:59,-07:00,2025-05-02T13:28:59-07:00,0,32
projects\projects.js,67,js,a311d429,na-raghavan,2025-05-02,13:28:59,-07:00,2025-05-02T13:28:59-07:00,0,0
projects\projects.js,68,js,a311d429,na-raghavan,2025-05-02,13:28:59,-07:00,2025-05-02T13:28:59-07:00,0,0
projects\projects.js,69,js,a311d429,na-raghavan,2025-05-02,13:28:59,-07:00,2025-05-02T13:28:59-07:00,0,0
projects\projects.js,70,js,a311d429,na-raghavan,2025-05-02,13:28:59,-07:00,2025-05-02T13:28:59-07:00,0,37
projects\projects.js,71,js,a311d429,na-raghavan,2025-05-02,13:28:59,-07:00,2025-05-02T13:28:59-07:00,0,29
projects\projects.js,72,js,a311d429,na-raghavan,2025-05-02,13:28:59,-07:00,2025-05-02T13:28:59-07:00,0,0
projects\projects.js,73,js,f80574e3,na-raghavan,2025-05-02,12:48:47,-07:00,2025-05-02T12:48:47-07:00,0,25
projects\projects.js,74,js,a311d429,na-raghavan,2025-05-02,13:28:59,-07:00,2025-05-02T13:28:59-07:00,0,11
projects\projects.js,75,js,f80574e3,na-raghavan,2025-05-02,12:48:47,-07:00,2025-05-02T12:48:47-07:00,0,13
projects\projects.js,76,js,f80574e3,na-raghavan,2025-05-02,12:48:47,-07:00,2025-05-02T12:48:47-07:00,0,10
projects\projects.js,77,js,f80574e3,na-raghavan,2025-05-02,12:48:47,-07:00,2025-05-02T12:48:47-07:00,0,1
projects\projects.js,78,js,a311d429,na-raghavan,2025-05-02,13:28:59,-07:00,2025-05-02T13:28:59-07:00,0,18
projects\projects.js,79,js,a311d429,na-raghavan,2025-05-02,13:28:59,-07:00,2025-05-02T13:28:59-07:00,0,55
projects\projects.js,80,js,a311d429,na-raghavan,2025-05-02,13:28:59,-07:00,2025-05-02T13:28:59-07:00,0,34
projects\projects.js,81,js,f80574e3,na-raghavan,2025-05-02,12:48:47,-07:00,2025-05-02T12:48:47-07:00,0,0
projects\projects.js,82,js,dc346c05,na-raghavan,2025-05-02,12:41:21,-07:00,2025-05-02T12:41:21-07:00,0,17
projects\projects.js,83,js,f80574e3,na-raghavan,2025-05-02,12:48:47,-07:00,2025-05-02T12:48:47-07:00,0,58
projects\projects.js,84,js,a311d429,na-raghavan,2025-05-02,13:28:59,-07:00,2025-05-02T13:28:59-07:00,0,54
projects\projects.js,85,js,a311d429,na-raghavan,2025-05-02,13:28:59,-07:00,2025-05-02T13:28:59-07:00,0,0
projects\projects.js,86,js,f80574e3,na-raghavan,2025-05-02,12:48:47,-07:00,2025-05-02T12:48:47-07:00,0,25
projects\projects.js,87,js,dc346c05,na-raghavan,2025-05-02,12:41:21,-07:00,2025-05-02T12:41:21-07:00,0,0
projects\projects.js,88,js,a311d429,na-raghavan,2025-05-02,13:28:59,-07:00,2025-05-02T13:28:59-07:00,0,87
projects\projects.js,89,js,a311d429,na-raghavan,2025-05-02,13:28:59,-07:00,2025-05-02T13:28:59-07:00,0,30
projects\projects.js,90,js,a311d429,na-raghavan,2025-05-02,13:28:59,-07:00,2025-05-02T13:28:59-07:00,0,18
projects\projects.js,91,js,a311d429,na-raghavan,2025-05-02,13:28:59,-07:00,2025-05-02T13:28:59-07:00,0,26
projects\projects.js,92,js,a311d429,na-raghavan,2025-05-02,13:28:59,-07:00,2025-05-02T13:28:59-07:00,0,0
projects\projects.js,93,js,a311d429,na-raghavan,2025-05-02,13:28:59,-07:00,2025-05-02T13:28:59-07:00,0,0
projects\projects.js,94,js,a311d429,na-raghavan,2025-05-02,13:28:59,-07:00,2025-05-02T13:28:59-07:00,0,30
projects\projects.js,95,js,a311d429,na-raghavan,2025-05-02,13:28:59,-07:00,2025-05-02T13:28:59-07:00,0,0
projects\projects.js,96,js,a311d429,na-raghavan,2025-05-02,13:28:59,-07:00,2025-05-02T13:28:59-07:00,0,23
projects\projects.js,97,js,a311d429,na-raghavan,2025-05-02,13:28:59,-07:00,2025-05-02T13:28:59-07:00,0,33
projects\projects.js,98,js,a311d429,na-raghavan,2025-05-02,13:28:59,-07:00,2025-05-02T13:28:59-07:00,0,6
projects\projects.js,99,js,a311d429,na-raghavan,2025-05-02,13:28:59,-07:00,2025-05-02T13:28:59-07:00,0,0
projects\projects.js,100,js,dc346c05,na-raghavan,2025-05-02,12:41:21,-07:00,2025-05-02T12:41:21-07:00,0,0
projects\projects.js,101,js,dc346c05,na-raghavan,2025-05-02,12:41:21,-07:00,2025-05-02T12:41:21-07:00,0,2
projects\projects.js,102,js,dc346c05,na-raghavan,2025-05-02,12:41:21,-07:00,2025-05-02T12:41:21-07:00,0,17
projects\projects.js,103,js,f80574e3,na-raghavan,2025-05-02,12:48:47,-07:00,2025-05-02T12:48:47-07:00,0,10
projects\projects.js,104,js,dc346c05,na-raghavan,2025-05-02,12:41:21,-07:00,2025-05-02T12:41:21-07:00,0,7
projects\projects.js,105,js,dc346c05,na-raghavan,2025-05-02,12:41:21,-07:00,2025-05-02T12:41:21-07:00,0,14
projects\projects.js,106,js,f80574e3,na-raghavan,2025-05-02,12:48:47,-07:00,2025-05-02T12:48:47-07:00,0,17
projects\projects.js,107,js,a311d429,na-raghavan,2025-05-02,13:28:59,-07:00,2025-05-02T13:28:59-07:00,0,38
projects\projects.js,108,js,a311d429,na-raghavan,2025-05-02,13:28:59,-07:00,2025-05-02T13:28:59-07:00,0,67
projects\projects.js,109,js,a311d429,na-raghavan,2025-05-02,13:28:59,-07:00,2025-05-02T13:28:59-07:00,0,27
projects\projects.js,110,js,a311d429,na-raghavan,2025-05-02,13:28:59,-07:00,2025-05-02T13:28:59-07:00,0,32
projects\projects.js,111,js,a311d429,na-raghavan,2025-05-02,13:28:59,-07:00,2025-05-02T13:28:59-07:00,0,0
projects\projects.js,112,js,a311d429,na-raghavan,2025-05-02,13:28:59,-07:00,2025-05-02T13:28:59-07:00,0,64
projects\projects.js,113,js,a311d429,na-raghavan,2025-05-02,13:28:59,-07:00,2025-05-02T13:28:59-07:00,0,0
projects\projects.js,114,js,a311d429,na-raghavan,2025-05-02,13:28:59,-07:00,2025-05-02T13:28:59-07:00,0,17
projects\projects.js,115,js,0b418018,na-raghavan,2025-05-02,13:11:55,-07:00,2025-05-02T13:11:55-07:00,0,2
projects\projects.js,116,js,abc6e1fd,na-raghavan,2025-05-02,12:43:00,-07:00,2025-05-02T12:43:00-07:00,0,0
projects\projects.js,117,js,a311d429,na-raghavan,2025-05-02,13:28:59,-07:00,2025-05-02T13:28:59-07:00,0,0
projects\projects.js,118,js,a311d429,na-raghavan,2025-05-02,13:28:59,-07:00,2025-05-02T13:28:59-07:00,0,33
projects\projects.js,119,js,a311d429,na-raghavan,2025-05-02,13:28:59,-07:00,2025-05-02T13:28:59-07:00,0,0
projects\projects.js,120,js,f80574e3,na-raghavan,2025-05-02,12:48:47,-07:00,2025-05-02T12:48:47-07:00,0,7
projects\projects.js,121,js,f80574e3,na-raghavan,2025-05-02,12:48:47,-07:00,2025-05-02T12:48:47-07:00,0,15
projects\projects.js,122,js,abc6e1fd,na-raghavan,2025-05-02,12:43:00,-07:00,2025-05-02T12:43:00-07:00,0,10
projects\projects.js,123,js,abc6e1fd,na-raghavan,2025-05-02,12:43:00,-07:00,2025-05-02T12:43:00-07:00,0,7
projects\projects.js,124,js,abc6e1fd,na-raghavan,2025-05-02,12:43:00,-07:00,2025-05-02T12:43:00-07:00,0,12
projects\projects.js,125,js,a311d429,na-raghavan,2025-05-02,13:28:59,-07:00,2025-05-02T13:28:59-07:00,0,47
projects\projects.js,126,js,a311d429,na-raghavan,2025-05-02,13:28:59,-07:00,2025-05-02T13:28:59-07:00,0,62
projects\projects.js,127,js,0b418018,na-raghavan,2025-05-02,13:11:55,-07:00,2025-05-02T13:11:55-07:00,0,74
projects\projects.js,128,js,a311d429,na-raghavan,2025-05-02,13:28:59,-07:00,2025-05-02T13:28:59-07:00,0,27
projects\projects.js,129,js,a311d429,na-raghavan,2025-05-02,13:28:59,-07:00,2025-05-02T13:28:59-07:00,0,27
projects\projects.js,130,js,a311d429,na-raghavan,2025-05-02,13:28:59,-07:00,2025-05-02T13:28:59-07:00,0,0
projects\projects.js,131,js,a311d429,na-raghavan,2025-05-02,13:28:59,-07:00,2025-05-02T13:28:59-07:00,0,64
projects\projects.js,132,js,a311d429,na-raghavan,2025-05-02,13:28:59,-07:00,2025-05-02T13:28:59-07:00,0,0
projects\projects.js,133,js,a311d429,na-raghavan,2025-05-02,13:28:59,-07:00,2025-05-02T13:28:59-07:00,0,17
projects\projects.js,134,js,0b418018,na-raghavan,2025-05-02,13:11:55,-07:00,2025-05-02T13:11:55-07:00,0,2
projects\projects.js,135,js,dc346c05,na-raghavan,2025-05-02,12:41:21,-07:00,2025-05-02T12:41:21-07:00,0,0
projects\projects.js,136,js,dc346c05,na-raghavan,2025-05-02,12:41:21,-07:00,2025-05-02T12:41:21-07:00,0,0
projects\projects.js,137,js,7009a204,na-raghavan,2025-04-25,18:04:16,-07:00,2025-04-25T18:04:16-07:00,0,39
projects\projects.js,138,js,7009a204,na-raghavan,2025-04-25,18:04:16,-07:00,2025-04-25T18:04:16-07:00,0,59
projects\projects.js,139,js,7009a204,na-raghavan,2025-04-25,18:04:16,-07:00,2025-04-25T18:04:16-07:00,0,7
projects\projects.js,140,js,7009a204,na-raghavan,2025-04-25,18:04:16,-07:00,2025-04-25T18:04:16-07:00,0,14
projects\projects.js,141,js,dc346c05,na-raghavan,2025-05-02,12:41:21,-07:00,2025-05-02T12:41:21-07:00,0,0
projects\index.html,1,html,deed6abc,na-raghavan,2025-04-04,21:21:03,-07:00,2025-04-04T21:21:03-07:00,0,14
projects\index.html,2,html,deed6abc,na-raghavan,2025-04-04,21:21:03,-07:00,2025-04-04T21:21:03-07:00,0,15
projects\index.html,3,html,deed6abc,na-raghavan,2025-04-04,21:21:03,-07:00,2025-04-04T21:21:03-07:00,0,5
projects\index.html,4,html,deed6abc,na-raghavan,2025-04-04,21:21:03,-07:00,2025-04-04T21:21:03-07:00,0,23
projects\index.html,5,html,deed6abc,na-raghavan,2025-04-04,21:21:03,-07:00,2025-04-04T21:21:03-07:00,0,71
projects\index.html,6,html,deed6abc,na-raghavan,2025-04-04,21:21:03,-07:00,2025-04-04T21:21:03-07:00,0,22
projects\index.html,7,html,deed6abc,na-raghavan,2025-04-04,21:21:03,-07:00,2025-04-04T21:21:03-07:00,0,44
projects\index.html,8,html,deed6abc,na-raghavan,2025-04-04,21:21:03,-07:00,2025-04-04T21:21:03-07:00,0,6
projects\index.html,9,html,deed6abc,na-raghavan,2025-04-04,21:21:03,-07:00,2025-04-04T21:21:03-07:00,0,5
projects\index.html,10,html,092325d3,na-raghavan,2025-04-25,18:09:14,-07:00,2025-04-25T18:09:14-07:00,0,39
projects\index.html,11,html,abc6e1fd,na-raghavan,2025-05-02,12:43:00,-07:00,2025-05-02T12:43:00-07:00,0,0
projects\index.html,12,html,abc6e1fd,na-raghavan,2025-05-02,12:43:00,-07:00,2025-05-02T12:43:00-07:00,0,28
projects\index.html,13,html,abc6e1fd,na-raghavan,2025-05-02,12:43:00,-07:00,2025-05-02T12:43:00-07:00,0,59
projects\index.html,14,html,abc6e1fd,na-raghavan,2025-05-02,12:43:00,-07:00,2025-05-02T12:43:00-07:00,0,23
projects\index.html,15,html,abc6e1fd,na-raghavan,2025-05-02,12:43:00,-07:00,2025-05-02T12:43:00-07:00,0,5
projects\index.html,16,html,0b418018,na-raghavan,2025-05-02,13:11:55,-07:00,2025-05-02T13:11:55-07:00,0,0
projects\index.html,17,html,f80574e3,na-raghavan,2025-05-02,12:48:47,-07:00,2025-05-02T12:48:47-07:00,0,5
projects\index.html,18,html,0b418018,na-raghavan,2025-05-02,13:11:55,-07:00,2025-05-02T13:11:55-07:00,0,16
projects\index.html,19,html,0b418018,na-raghavan,2025-05-02,13:11:55,-07:00,2025-05-02T13:11:55-07:00,0,12
projects\index.html,20,html,0b418018,na-raghavan,2025-05-02,13:11:55,-07:00,2025-05-02T13:11:55-07:00,0,27
projects\index.html,21,html,0b418018,na-raghavan,2025-05-02,13:11:55,-07:00,2025-05-02T13:11:55-07:00,0,32
projects\index.html,22,html,f80574e3,na-raghavan,2025-05-02,12:48:47,-07:00,2025-05-02T12:48:47-07:00,0,1
projects\index.html,23,html,092325d3,na-raghavan,2025-04-25,18:09:14,-07:00,2025-04-25T18:09:14-07:00,0,27
projects\index.html,24,html,abc6e1fd,na-raghavan,2025-05-02,12:43:00,-07:00,2025-05-02T12:43:00-07:00,0,0
projects\index.html,25,html,092325d3,na-raghavan,2025-04-25,18:09:14,-07:00,2025-04-25T18:09:14-07:00,0,49
projects\index.html,26,html,092325d3,na-raghavan,2025-04-25,18:09:14,-07:00,2025-04-25T18:09:14-07:00,0,48
projects\index.html,27,html,deed6abc,na-raghavan,2025-04-04,21:21:03,-07:00,2025-04-04T21:21:03-07:00,0,6
projects\index.html,28,html,f80574e3,na-raghavan,2025-05-02,12:48:47,-07:00,2025-05-02T12:48:47-07:00,0,6
cv\index.html,1,html,fab1b382,na-raghavan,2025-04-04,21:35:29,-07:00,2025-04-04T21:35:29-07:00,0,14
cv\index.html,2,html,fab1b382,na-raghavan,2025-04-04,21:35:29,-07:00,2025-04-04T21:35:29-07:00,0,15
cv\index.html,3,html,fab1b382,na-raghavan,2025-04-04,21:35:29,-07:00,2025-04-04T21:35:29-07:00,0,5
cv\index.html,4,html,fab1b382,na-raghavan,2025-04-04,21:35:29,-07:00,2025-04-04T21:35:29-07:00,0,23
cv\index.html,5,html,fab1b382,na-raghavan,2025-04-04,21:35:29,-07:00,2025-04-04T21:35:29-07:00,0,71
cv\index.html,6,html,fab1b382,na-raghavan,2025-04-04,21:35:29,-07:00,2025-04-04T21:35:29-07:00,0,40
cv\index.html,7,html,fab1b382,na-raghavan,2025-04-04,21:35:29,-07:00,2025-04-04T21:35:29-07:00,0,44
cv\index.html,8,html,fab1b382,na-raghavan,2025-04-04,21:35:29,-07:00,2025-04-04T21:35:29-07:00,0,6
cv\index.html,9,html,fab1b382,na-raghavan,2025-04-04,21:35:29,-07:00,2025-04-04T21:35:29-07:00,0,5
cv\index.html,10,html,fab1b382,na-raghavan,2025-04-04,21:35:29,-07:00,2025-04-04T21:35:29-07:00,0,29
cv\index.html,11,html,4b12840c,na-raghavan,2025-04-04,21:39:17,-07:00,2025-04-04T21:39:17-07:00,0,172
cv\index.html,12,html,fab1b382,na-raghavan,2025-04-04,21:35:29,-07:00,2025-04-04T21:35:29-07:00,0,8
cv\index.html,13,html,fab1b382,na-raghavan,2025-04-04,21:35:29,-07:00,2025-04-04T21:35:29-07:00,0,17
cv\index.html,14,html,fab1b382,na-raghavan,2025-04-04,21:35:29,-07:00,2025-04-04T21:35:29-07:00,0,8
cv\index.html,15,html,fab1b382,na-raghavan,2025-04-04,21:35:29,-07:00,2025-04-04T21:35:29-07:00,0,43
cv\index.html,16,html,f8553ebf,na-raghavan,2025-04-11,20:44:36,-07:00,2025-04-11T20:44:36-07:00,0,50
cv\index.html,17,html,f8553ebf,na-raghavan,2025-04-11,20:44:36,-07:00,2025-04-11T20:44:36-07:00,0,81
cv\index.html,18,html,fab1b382,na-raghavan,2025-04-04,21:35:29,-07:00,2025-04-04T21:35:29-07:00,0,237
cv\index.html,19,html,fab1b382,na-raghavan,2025-04-04,21:35:29,-07:00,2025-04-04T21:35:29-07:00,0,9
cv\index.html,20,html,fab1b382,na-raghavan,2025-04-04,21:35:29,-07:00,2025-04-04T21:35:29-07:00,0,8
cv\index.html,21,html,fab1b382,na-raghavan,2025-04-04,21:35:29,-07:00,2025-04-04T21:35:29-07:00,0,63
cv\index.html,22,html,f8553ebf,na-raghavan,2025-04-11,20:44:36,-07:00,2025-04-11T20:44:36-07:00,0,51
cv\index.html,23,html,fab1b382,na-raghavan,2025-04-04,21:35:29,-07:00,2025-04-04T21:35:29-07:00,0,47
cv\index.html,24,html,fab1b382,na-raghavan,2025-04-04,21:35:29,-07:00,2025-04-04T21:35:29-07:00,0,9
cv\index.html,25,html,fab1b382,na-raghavan,2025-04-04,21:35:29,-07:00,2025-04-04T21:35:29-07:00,0,9
cv\index.html,26,html,fab1b382,na-raghavan,2025-04-04,21:35:29,-07:00,2025-04-04T21:35:29-07:00,0,0
cv\index.html,27,html,fab1b382,na-raghavan,2025-04-04,21:35:29,-07:00,2025-04-04T21:35:29-07:00,0,8
cv\index.html,28,html,fab1b382,na-raghavan,2025-04-04,21:35:29,-07:00,2025-04-04T21:35:29-07:00,0,23
cv\index.html,29,html,fab1b382,na-raghavan,2025-04-04,21:35:29,-07:00,2025-04-04T21:35:29-07:00,0,8
cv\index.html,30,html,4b12840c,na-raghavan,2025-04-04,21:39:17,-07:00,2025-04-04T21:39:17-07:00,0,66
cv\index.html,31,html,f8553ebf,na-raghavan,2025-04-11,20:44:36,-07:00,2025-04-11T20:44:36-07:00,0,58
cv\index.html,32,html,fab1b382,na-raghavan,2025-04-04,21:35:29,-07:00,2025-04-04T21:35:29-07:00,0,3
cv\index.html,33,html,4b12840c,na-raghavan,2025-04-04,21:39:17,-07:00,2025-04-04T21:39:17-07:00,0,88
cv\index.html,34,html,fab1b382,na-raghavan,2025-04-04,21:35:29,-07:00,2025-04-04T21:35:29-07:00,0,83
cv\index.html,35,html,fab1b382,na-raghavan,2025-04-04,21:35:29,-07:00,2025-04-04T21:35:29-07:00,0,76
cv\index.html,36,html,fab1b382,na-raghavan,2025-04-04,21:35:29,-07:00,2025-04-04T21:35:29-07:00,0,73
cv\index.html,37,html,fab1b382,na-raghavan,2025-04-04,21:35:29,-07:00,2025-04-04T21:35:29-07:00,0,4
cv\index.html,38,html,fab1b382,na-raghavan,2025-04-04,21:35:29,-07:00,2025-04-04T21:35:29-07:00,0,9
cv\index.html,39,html,fab1b382,na-raghavan,2025-04-04,21:35:29,-07:00,2025-04-04T21:35:29-07:00,0,8
cv\index.html,40,html,4b12840c,na-raghavan,2025-04-04,21:39:17,-07:00,2025-04-04T21:39:17-07:00,0,40
cv\index.html,41,html,f8553ebf,na-raghavan,2025-04-11,20:44:36,-07:00,2025-04-11T20:44:36-07:00,0,53
cv\index.html,42,html,fab1b382,na-raghavan,2025-04-04,21:35:29,-07:00,2025-04-04T21:35:29-07:00,0,3
cv\index.html,43,html,fab1b382,na-raghavan,2025-04-04,21:35:29,-07:00,2025-04-04T21:35:29-07:00,0,73
cv\index.html,44,html,fab1b382,na-raghavan,2025-04-04,21:35:29,-07:00,2025-04-04T21:35:29-07:00,0,54
cv\index.html,45,html,fab1b382,na-raghavan,2025-04-04,21:35:29,-07:00,2025-04-04T21:35:29-07:00,0,4
cv\index.html,46,html,fab1b382,na-raghavan,2025-04-04,21:35:29,-07:00,2025-04-04T21:35:29-07:00,0,9
cv\index.html,47,html,fab1b382,na-raghavan,2025-04-04,21:35:29,-07:00,2025-04-04T21:35:29-07:00,0,9
cv\index.html,48,html,fab1b382,na-raghavan,2025-04-04,21:35:29,-07:00,2025-04-04T21:35:29-07:00,0,8
cv\index.html,49,html,fab1b382,na-raghavan,2025-04-04,21:35:29,-07:00,2025-04-04T21:35:29-07:00,0,27
cv\index.html,50,html,fab1b382,na-raghavan,2025-04-04,21:35:29,-07:00,2025-04-04T21:35:29-07:00,0,8
cv\index.html,51,html,4b12840c,na-raghavan,2025-04-04,21:39:17,-07:00,2025-04-04T21:39:17-07:00,0,46
cv\index.html,52,html,f8553ebf,na-raghavan,2025-04-11,20:44:36,-07:00,2025-04-11T20:44:36-07:00,0,56
cv\index.html,53,html,fab1b382,na-raghavan,2025-04-04,21:35:29,-07:00,2025-04-04T21:35:29-07:00,0,3
cv\index.html,54,html,fab1b382,na-raghavan,2025-04-04,21:35:29,-07:00,2025-04-04T21:35:29-07:00,0,62
cv\index.html,55,html,fab1b382,na-raghavan,2025-04-04,21:35:29,-07:00,2025-04-04T21:35:29-07:00,0,76
cv\index.html,56,html,fab1b382,na-raghavan,2025-04-04,21:35:29,-07:00,2025-04-04T21:35:29-07:00,0,62
cv\index.html,57,html,fab1b382,na-raghavan,2025-04-04,21:35:29,-07:00,2025-04-04T21:35:29-07:00,0,4
cv\index.html,58,html,fab1b382,na-raghavan,2025-04-04,21:35:29,-07:00,2025-04-04T21:35:29-07:00,0,9
cv\index.html,59,html,fab1b382,na-raghavan,2025-04-04,21:35:29,-07:00,2025-04-04T21:35:29-07:00,0,9
cv\index.html,60,html,fab1b382,na-raghavan,2025-04-04,21:35:29,-07:00,2025-04-04T21:35:29-07:00,0,8
cv\index.html,61,html,fab1b382,na-raghavan,2025-04-04,21:35:29,-07:00,2025-04-04T21:35:29-07:00,0,26
cv\index.html,62,html,fab1b382,na-raghavan,2025-04-04,21:35:29,-07:00,2025-04-04T21:35:29-07:00,0,8
cv\index.html,63,html,fab1b382,na-raghavan,2025-04-04,21:35:29,-07:00,2025-04-04T21:35:29-07:00,0,20
cv\index.html,64,html,fab1b382,na-raghavan,2025-04-04,21:35:29,-07:00,2025-04-04T21:35:29-07:00,0,19
cv\index.html,65,html,fab1b382,na-raghavan,2025-04-04,21:35:29,-07:00,2025-04-04T21:35:29-07:00,0,3
cv\index.html,66,html,fab1b382,na-raghavan,2025-04-04,21:35:29,-07:00,2025-04-04T21:35:29-07:00,0,82
cv\index.html,67,html,fab1b382,na-raghavan,2025-04-04,21:35:29,-07:00,2025-04-04T21:35:29-07:00,0,62
cv\index.html,68,html,fab1b382,na-raghavan,2025-04-04,21:35:29,-07:00,2025-04-04T21:35:29-07:00,0,4
cv\index.html,69,html,fab1b382,na-raghavan,2025-04-04,21:35:29,-07:00,2025-04-04T21:35:29-07:00,0,9
cv\index.html,70,html,fab1b382,na-raghavan,2025-04-04,21:35:29,-07:00,2025-04-04T21:35:29-07:00,0,8
cv\index.html,71,html,fab1b382,na-raghavan,2025-04-04,21:35:29,-07:00,2025-04-04T21:35:29-07:00,0,56
cv\index.html,72,html,f8553ebf,na-raghavan,2025-04-11,20:44:36,-07:00,2025-04-11T20:44:36-07:00,0,57
cv\index.html,73,html,fab1b382,na-raghavan,2025-04-04,21:35:29,-07:00,2025-04-04T21:35:29-07:00,0,3
cv\index.html,74,html,fab1b382,na-raghavan,2025-04-04,21:35:29,-07:00,2025-04-04T21:35:29-07:00,0,50
cv\index.html,75,html,fab1b382,na-raghavan,2025-04-04,21:35:29,-07:00,2025-04-04T21:35:29-07:00,0,78
cv\index.html,76,html,fab1b382,na-raghavan,2025-04-04,21:35:29,-07:00,2025-04-04T21:35:29-07:00,0,44
cv\index.html,77,html,fab1b382,na-raghavan,2025-04-04,21:35:29,-07:00,2025-04-04T21:35:29-07:00,0,4
cv\index.html,78,html,fab1b382,na-raghavan,2025-04-04,21:35:29,-07:00,2025-04-04T21:35:29-07:00,0,9
cv\index.html,79,html,fab1b382,na-raghavan,2025-04-04,21:35:29,-07:00,2025-04-04T21:35:29-07:00,0,9
cv\index.html,80,html,fab1b382,na-raghavan,2025-04-04,21:35:29,-07:00,2025-04-04T21:35:29-07:00,0,0
cv\index.html,81,html,fab1b382,na-raghavan,2025-04-04,21:35:29,-07:00,2025-04-04T21:35:29-07:00,0,8
cv\index.html,82,html,fab1b382,na-raghavan,2025-04-04,21:35:29,-07:00,2025-04-04T21:35:29-07:00,0,14
cv\index.html,83,html,fab1b382,na-raghavan,2025-04-04,21:35:29,-07:00,2025-04-04T21:35:29-07:00,0,3
cv\index.html,84,html,fab1b382,na-raghavan,2025-04-04,21:35:29,-07:00,2025-04-04T21:35:29-07:00,0,95
cv\index.html,85,html,fab1b382,na-raghavan,2025-04-04,21:35:29,-07:00,2025-04-04T21:35:29-07:00,0,109
cv\index.html,86,html,fab1b382,na-raghavan,2025-04-04,21:35:29,-07:00,2025-04-04T21:35:29-07:00,0,59
cv\index.html,87,html,fab1b382,na-raghavan,2025-04-04,21:35:29,-07:00,2025-04-04T21:35:29-07:00,0,4
cv\index.html,88,html,fab1b382,na-raghavan,2025-04-04,21:35:29,-07:00,2025-04-04T21:35:29-07:00,0,9
cv\index.html,89,html,0c9be833,na-raghavan,2025-04-19,13:15:13,-07:00,2025-04-19T13:15:13-07:00,0,57
cv\index.html,90,html,fab1b382,na-raghavan,2025-04-04,21:35:29,-07:00,2025-04-04T21:35:29-07:00,0,6
cv\index.html,91,html,fab1b382,na-raghavan,2025-04-04,21:35:29,-07:00,2025-04-04T21:35:29-07:00,0,6
contact\index.html,1,html,deed6abc,na-raghavan,2025-04-04,21:21:03,-07:00,2025-04-04T21:21:03-07:00,0,14
contact\index.html,2,html,deed6abc,na-raghavan,2025-04-04,21:21:03,-07:00,2025-04-04T21:21:03-07:00,0,15
contact\index.html,3,html,deed6abc,na-raghavan,2025-04-04,21:21:03,-07:00,2025-04-04T21:21:03-07:00,0,5
contact\index.html,4,html,deed6abc,na-raghavan,2025-04-04,21:21:03,-07:00,2025-04-04T21:21:03-07:00,0,23
contact\index.html,5,html,deed6abc,na-raghavan,2025-04-04,21:21:03,-07:00,2025-04-04T21:21:03-07:00,0,71
contact\index.html,6,html,deed6abc,na-raghavan,2025-04-04,21:21:03,-07:00,2025-04-04T21:21:03-07:00,0,21
contact\index.html,7,html,deed6abc,na-raghavan,2025-04-04,21:21:03,-07:00,2025-04-04T21:21:03-07:00,0,44
contact\index.html,8,html,deed6abc,na-raghavan,2025-04-04,21:21:03,-07:00,2025-04-04T21:21:03-07:00,0,6
contact\index.html,9,html,f734df9d,na-raghavan,2025-04-11,19:58:57,-07:00,2025-04-11T19:58:57-07:00,0,5
contact\index.html,10,html,deed6abc,na-raghavan,2025-04-04,21:21:03,-07:00,2025-04-04T21:21:03-07:00,0,15
contact\index.html,11,html,50f30bfe,na-raghavan,2025-04-19,17:21:33,-07:00,2025-04-19T17:21:33-07:00,0,0
contact\index.html,12,html,50f30bfe,na-raghavan,2025-04-19,17:21:33,-07:00,2025-04-19T17:21:33-07:00,0,54
contact\index.html,13,html,404bcc16,na-raghavan,2025-04-04,21:24:11,-07:00,2025-04-04T21:24:11-07:00,0,6
contact\index.html,14,html,404bcc16,na-raghavan,2025-04-04,21:24:11,-07:00,2025-04-04T21:24:11-07:00,0,7
contact\index.html,15,html,404bcc16,na-raghavan,2025-04-04,21:24:11,-07:00,2025-04-04T21:24:11-07:00,0,32
contact\index.html,16,html,404bcc16,na-raghavan,2025-04-04,21:24:11,-07:00,2025-04-04T21:24:11-07:00,0,7
contact\index.html,17,html,404bcc16,na-raghavan,2025-04-04,21:24:11,-07:00,2025-04-04T21:24:11-07:00,0,7
contact\index.html,18,html,404bcc16,na-raghavan,2025-04-04,21:24:11,-07:00,2025-04-04T21:24:11-07:00,0,6
contact\index.html,19,html,50f30bfe,na-raghavan,2025-04-19,17:21:33,-07:00,2025-04-19T17:21:33-07:00,0,7
contact\index.html,20,html,6d7e87d3,na-raghavan,2025-04-04,21:30:59,-07:00,2025-04-04T21:30:59-07:00,0,41
contact\index.html,21,html,404bcc16,na-raghavan,2025-04-04,21:24:11,-07:00,2025-04-04T21:24:11-07:00,0,7
contact\index.html,22,html,404bcc16,na-raghavan,2025-04-04,21:24:11,-07:00,2025-04-04T21:24:11-07:00,0,7
contact\index.html,23,html,50f30bfe,na-raghavan,2025-04-19,17:21:33,-07:00,2025-04-19T17:21:33-07:00,0,34
contact\index.html,24,html,404bcc16,na-raghavan,2025-04-04,21:24:11,-07:00,2025-04-04T21:24:11-07:00,0,6
contact\index.html,25,html,50f30bfe,na-raghavan,2025-04-19,17:21:33,-07:00,2025-04-19T17:21:33-07:00,0,0
contact\index.html,26,html,0c9be833,na-raghavan,2025-04-19,13:15:13,-07:00,2025-04-19T13:15:13-07:00,0,57
contact\index.html,27,html,deed6abc,na-raghavan,2025-04-04,21:21:03,-07:00,2025-04-04T21:21:03-07:00,0,6
contact\index.html,28,html,deed6abc,na-raghavan,2025-04-04,21:21:03,-07:00,2025-04-04T21:21:03-07:00,0,6
